Code;Nom agent chimique ou famille;Famille;Grande_famille
ACI;ACIDES;ACIDES;ACIDES
ACIMIN;Acides minéraux;Acides minéraux;ACIDES
109;Acide borique;Acides minéraux;ACIDES
1154;Acide bromhydrique;Acides minéraux;ACIDES
3189;Acide chloreux;Acides minéraux;ACIDES
31;Acide chlorhydrique;Acides minéraux;ACIDES
70;Acide chromique;Acides minéraux;ACIDES
34;Acide cyanhydrique;Acides minéraux;ACIDES
30;Acide nitrique;Acides minéraux;ACIDES
13;Acide perborique, sel de sodium;Acides minéraux;ACIDES
41;Acide phosphorique;Acides minéraux;ACIDES
301;Acide sulfamidique;Acides minéraux;ACIDES
3346;Acide sulfurique;Acides minéraux;ACIDES
43;Acide sulfurique (fraction thoracique);Acides minéraux;ACIDES
35;Fluorure d'hydrogène;Acides minéraux;ACIDES
0ACIORG;Acides organiques;Acides organiques;ACIDES
753;Acide 2-éthylhexanoïque;Acides organiques;ACIDES
850;Acide 4,4'-bis(3-phényluréido)-2,2'-stilbènedisulfo;Acides organiques;ACIDES
29;Acide acrylique;Acides organiques;ACIDES
28;Acide acétique;Acides organiques;ACIDES
1105;Acide adipique;Acides organiques;ACIDES
32;Acide chloroacétique;Acides organiques;ACIDES
36;Acide formique;Acides organiques;ACIDES
280;Acide maléique;Acides organiques;ACIDES
321;Acide méthacrylique;Acides organiques;ACIDES
5;Acide oléique;Acides organiques;ACIDES
38;Acide oxalique;Acides organiques;ACIDES
39;Acide peracétique;Acides organiques;ACIDES
42;Acide propionique;Acides organiques;ACIDES
318;Acide stéarique;Acides organiques;ACIDES
1107;Acide succinique;Acides organiques;ACIDES
45;Acide trichloroacétique;Acides organiques;ACIDES
3285;Dianhydride pyromellitique;Acides organiques;ACIDES
0ALN;ALCALINS ET ALCALINO TERREUX;ALCALINS ET ALCALINO TERREUX;ALCALINS ET ALCALINO TERREUX
0ALNBa;Baryum;Baryum;ALCALINS ET ALCALINO TERREUX
466;Baryum;Baryum;ALCALINS ET ALCALINO TERREUX
3174;Baryum (composés solubles);Baryum;ALCALINS ET ALCALINO TERREUX
3217;Baryum insoluble;Baryum;ALCALINS ET ALCALINO TERREUX
3312;Oxyde de Baryum;Baryum;ALCALINS ET ALCALINO TERREUX
0ALNBe;Beryllium;Beryllium;ALCALINS ET ALCALINO TERREUX
467;Béryllium;Beryllium;ALCALINS ET ALCALINO TERREUX
0ALNCa;Calcium;Calcium;ALCALINS ET ALCALINO TERREUX
10;Calcaire;Calcium;ALCALINS ET ALCALINO TERREUX
1530;Calcium;Calcium;ALCALINS ET ALCALINO TERREUX
3315;Carbonate de calcium;Calcium;ALCALINS ET ALCALINO TERREUX
308;Dihydroxyde de calcium;Calcium;ALCALINS ET ALCALINO TERREUX
227;Sulfate de calcium;Calcium;ALCALINS ET ALCALINO TERREUX
0ALNLi;Lithium;Lithium;ALCALINS ET ALCALINO TERREUX
494;Lithium;Lithium;ALCALINS ET ALCALINO TERREUX
0ALNMg;Magnesium;Magnesium;ALCALINS ET ALCALINO TERREUX
3163;Magnésium;Magnesium;ALCALINS ET ALCALINO TERREUX
378;Sulfate de magnésium;Magnesium;ALCALINS ET ALCALINO TERREUX
0ALNK;Potassium;Potassium;ALCALINS ET ALCALINO TERREUX
191;Hydroxyde de potassium;Potassium;ALCALINS ET ALCALINO TERREUX
3310;Oxyde de potassium;Potassium;ALCALINS ET ALCALINO TERREUX
552;Potassium;Potassium;ALCALINS ET ALCALINO TERREUX
203;Pyrophosphate de tétrapotassium;Potassium;ALCALINS ET ALCALINO TERREUX
0ALNNa;Sodium;Sodium;ALCALINS ET ALCALINO TERREUX
11;Carbonate de sodium;Sodium;ALCALINS ET ALCALINO TERREUX
16;Chlorure de sodium;Sodium;ALCALINS ET ALCALINO TERREUX
901;Dioxyde d'aluminium et de sodium;Sodium;ALCALINS ET ALCALINO TERREUX
190;Hydroxyde de sodium;Sodium;ALCALINS ET ALCALINO TERREUX
346;Méthanolate de sodium;Sodium;ALCALINS ET ALCALINO TERREUX
167;Nitrite de sodium;Sodium;ALCALINS ET ALCALINO TERREUX
257;Orthophosphate de trisodium;Sodium;ALCALINS ET ALCALINO TERREUX
3309;Oxyde de sodium;Sodium;ALCALINS ET ALCALINO TERREUX
812;Sodium;Sodium;ALCALINS ET ALCALINO TERREUX
1839;Tosylchloramide sodique;Sodium;ALCALINS ET ALCALINO TERREUX
0ALNSr;Strontium;Strontium;ALCALINS ET ALCALINO TERREUX
3167;Strontium;Strontium;ALCALINS ET ALCALINO TERREUX
0AUT;AUTRES CATEGORIES;AUTRES CATEGORIES;AUTRES CATEGORIES
0AUTANH;Anhydrides;Anhydrides;AUTRES CATEGORIES
1240;Anhydride 1,2,3,6-tétrahydrométhylphtalique;Anhydrides;AUTRES CATEGORIES
338;Anhydride 1,2,3,6-tétrahydrophtalique;Anhydrides;AUTRES CATEGORIES
337;Anhydride cyclohexane-1,2-dicarboxylique;Anhydrides;AUTRES CATEGORIES
2557;Anhydride hexahydrométhylphtalique;Anhydrides;AUTRES CATEGORIES
68;Anhydride maléique;Anhydrides;AUTRES CATEGORIES
69;Anhydride phtalique;Anhydrides;AUTRES CATEGORIES
465;Anhydride trimellitique;Anhydrides;AUTRES CATEGORIES
0AUTCAR;Carbone;Carbone;AUTRES CATEGORIES
3230;Carbone;Carbone;AUTRES CATEGORIES
3347;Fumées de bitume;Carbone;AUTRES CATEGORIES
312;Graphite;Carbone;AUTRES CATEGORIES
225;Noir de carbone;Carbone;AUTRES CATEGORIES
3244;Particules diesel, carbone organique;Carbone;AUTRES CATEGORIES
3246;Particules diesel, carbone total;Carbone;AUTRES CATEGORIES
3245;Particules diesel, carbone élémentaire;Carbone;AUTRES CATEGORIES
0AUTAZO;Dérivés azotés;Dérivés azotés;AUTRES CATEGORIES
61;Ammoniac, anhydre;Dérivés azotés;AUTRES CATEGORIES
62;Ammoniaque, solution aqueuse;Dérivés azotés;AUTRES CATEGORIES
3200;Ammonium (ion);Dérivés azotés;AUTRES CATEGORIES
521;Ammonium quaternaire;Dérivés azotés;AUTRES CATEGORIES
265;Chlorure d'ammonium;Dérivés azotés;AUTRES CATEGORIES
3132;Cyanures (en CN);Dérivés azotés;AUTRES CATEGORIES
218;Dihydrogénoorthophosphate d'ammonium;Dérivés azotés;AUTRES CATEGORIES
63;Hydrogénodifluorure d'ammonium;Dérivés azotés;AUTRES CATEGORIES
1452;Nicotine;Dérivés azotés;AUTRES CATEGORIES
3134;Nitrates;Dérivés azotés;AUTRES CATEGORIES
3203;Nitrates gazeux;Dérivés azotés;AUTRES CATEGORIES
3197;Nitrates particulaires;Dérivés azotés;AUTRES CATEGORIES
3188;Nitrites;Dérivés azotés;AUTRES CATEGORIES
3201;Nitrites gazeux;Dérivés azotés;AUTRES CATEGORIES
3202;Nitrites particulaires;Dérivés azotés;AUTRES CATEGORIES
324;Phosphate diammonique;Dérivés azotés;AUTRES CATEGORIES
323;Sulfate d'ammonium;Dérivés azotés;AUTRES CATEGORIES
0AUTSOU;Dérivés soufrés;Dérivés soufrés;AUTRES CATEGORIES
3149;Sulfates;Dérivés soufrés;AUTRES CATEGORIES
3272;Sulfates gazeux;Dérivés soufrés;AUTRES CATEGORIES
3198;Sulfates particulaires solubles;Dérivés soufrés;AUTRES CATEGORIES
3235;Sulfites;Dérivés soufrés;AUTRES CATEGORIES
0AUTGAZ;Gaz;Gaz;AUTRES CATEGORIES
1460;Dioxyde d'azote;Gaz;AUTRES CATEGORIES
895;Dioxyde de carbone;Gaz;AUTRES CATEGORIES
464;Dioxyde de soufre;Gaz;AUTRES CATEGORIES
779;Hydrogène;Gaz;AUTRES CATEGORIES
3242;Monoxyde d'azote;Gaz;AUTRES CATEGORIES
500;Monoxyde de carbone;Gaz;AUTRES CATEGORIES
3234;Oxydes d'azote;Gaz;AUTRES CATEGORIES
953;Oxygène;Gaz;AUTRES CATEGORIES
3054;Ozone;Gaz;AUTRES CATEGORIES
492;Sulfure d'hydrogène;Gaz;AUTRES CATEGORIES
3339;Séléniure de dihydrogène;Gaz;AUTRES CATEGORIES
0AUTMYC;Mycotoxines;Mycotoxines;AUTRES CATEGORIES
0DON004;4-Désoxynivalénol;Mycotoxines;AUTRES CATEGORIES
0AFLAB1;Aflatoxine B1;Mycotoxines;AUTRES CATEGORIES
0AFLAB2;Aflatoxine B2;Mycotoxines;AUTRES CATEGORIES
0AFLAG1;Aflatoxine G1;Mycotoxines;AUTRES CATEGORIES
0AFLAG2;Aflatoxine G2;Mycotoxines;AUTRES CATEGORIES
0AFLA;Aflatoxines totales (Aflatoxines G1, G2, B1 et B2);Mycotoxines;AUTRES CATEGORIES
0FUMOB1;Fumonisine B1;Mycotoxines;AUTRES CATEGORIES
0FUMOB2;Fumonisine B2;Mycotoxines;AUTRES CATEGORIES
0HT2TOX;HT2 toxine;Mycotoxines;AUTRES CATEGORIES
0NIV001;Nivalénol;Mycotoxines;AUTRES CATEGORIES
0OTA001;Ochratoxine A;Mycotoxines;AUTRES CATEGORIES
0T2TOX;T2 toxine;Mycotoxines;AUTRES CATEGORIES
0ZEARAL;Zéaralénone;Mycotoxines;AUTRES CATEGORIES
0AUTPHA;Produits pharmaceutiques;Produits pharmaceutiques;AUTRES CATEGORIES
3263;Amitriptyline;Produits pharmaceutiques;AUTRES CATEGORIES
0AUTPHY;Produits phytosanitaires;Produits phytosanitaires;AUTRES CATEGORIES
898;Atrazine;Produits phytosanitaires;AUTRES CATEGORIES
3274;Carbaryl;Produits phytosanitaires;AUTRES CATEGORIES
3284;Carbendazine;Produits phytosanitaires;AUTRES CATEGORIES
579;Carbofuran;Produits phytosanitaires;AUTRES CATEGORIES
658;Deltaméthrine (ISO);Produits phytosanitaires;AUTRES CATEGORIES
619;Diazinon;Produits phytosanitaires;AUTRES CATEGORIES
3113;Dichlorvos;Produits phytosanitaires;AUTRES CATEGORIES
788;Diuron;Produits phytosanitaires;AUTRES CATEGORIES
1479;Fenthion;Produits phytosanitaires;AUTRES CATEGORIES
168;Lindane;Produits phytosanitaires;AUTRES CATEGORIES
746;Malathion;Produits phytosanitaires;AUTRES CATEGORIES
698;Méthidathion;Produits phytosanitaires;AUTRES CATEGORIES
3270;Parathion-méthyle;Produits phytosanitaires;AUTRES CATEGORIES
899;Simazine;Produits phytosanitaires;AUTRES CATEGORIES
3299;Strychnine;Produits phytosanitaires;AUTRES CATEGORIES
3320;Sulfotep;Produits phytosanitaires;AUTRES CATEGORIES
3112;Utiliser le code 000593;Produits phytosanitaires;AUTRES CATEGORIES
0AUTSIL;Siloxanes;Siloxanes;AUTRES CATEGORIES
3307;Décaméthylcyclopentasiloxane;Siloxanes;AUTRES CATEGORIES
3306;Octaméthylcyclotétrasiloxane;Siloxanes;AUTRES CATEGORIES
820;Orthosilicate de tétraéthyle;Siloxanes;AUTRES CATEGORIES
0COV;COMPOSES ORGANIQUES VOLATILS;COMPOSES ORGANIQUES VOLATILS;COMPOSES ORGANIQUES VOLATILS
0COVALC;Alcools;Alcools;COMPOSES ORGANIQUES VOLATILS
2552;1-Phénoxypropane-2-ol;Alcools;COMPOSES ORGANIQUES VOLATILS
172;2,2'-Oxydiethanol;Alcools;COMPOSES ORGANIQUES VOLATILS
1665;2-Ethylbutane-1-ol;Alcools;COMPOSES ORGANIQUES VOLATILS
1239;2-Ethylhexane-1-ol;Alcools;COMPOSES ORGANIQUES VOLATILS
923;2-Méthylbut-3-yne-2-ol;Alcools;COMPOSES ORGANIQUES VOLATILS
2418;2-Méthylbutane-1-ol;Alcools;COMPOSES ORGANIQUES VOLATILS
160;2-Méthylpentane-2,4-diol;Alcools;COMPOSES ORGANIQUES VOLATILS
128;2-Méthylpropane-1-ol;Alcools;COMPOSES ORGANIQUES VOLATILS
2419;3-Méthylbutane-1-ol;Alcools;COMPOSES ORGANIQUES VOLATILS
896;4-Méthylpentane-2-ol;Alcools;COMPOSES ORGANIQUES VOLATILS
47;Alcool allylique;Alcools;COMPOSES ORGANIQUES VOLATILS
2416;Alcool amylique;Alcools;COMPOSES ORGANIQUES VOLATILS
48;Alcool benzylique;Alcools;COMPOSES ORGANIQUES VOLATILS
122;Alcool butylique;Alcools;COMPOSES ORGANIQUES VOLATILS
50;Alcool furfurylique;Alcools;COMPOSES ORGANIQUES VOLATILS
52;Alcool isopropylique;Alcools;COMPOSES ORGANIQUES VOLATILS
53;Alcool propylique;Alcools;COMPOSES ORGANIQUES VOLATILS
76;Alcool tert-amylique;Alcools;COMPOSES ORGANIQUES VOLATILS
129;Alcool tert-butylique;Alcools;COMPOSES ORGANIQUES VOLATILS
127;Butane-2-ol;Alcools;COMPOSES ORGANIQUES VOLATILS
117;Cyclohexanol;Alcools;COMPOSES ORGANIQUES VOLATILS
49;Ethanol;Alcools;COMPOSES ORGANIQUES VOLATILS
51;Hexane-1-ol;Alcools;COMPOSES ORGANIQUES VOLATILS
54;Méthanol;Alcools;COMPOSES ORGANIQUES VOLATILS
1261;Octadécène-9- ol cis;Alcools;COMPOSES ORGANIQUES VOLATILS
1814;Octane-1-ol;Alcools;COMPOSES ORGANIQUES VOLATILS
442;Polyalcool vinylique;Alcools;COMPOSES ORGANIQUES VOLATILS
1370;Prop-2-yne-1-ol;Alcools;COMPOSES ORGANIQUES VOLATILS
651;Propane-1,2-diol;Alcools;COMPOSES ORGANIQUES VOLATILS
130;Utiliser le code 000122;Alcools;COMPOSES ORGANIQUES VOLATILS
74;Utiliser le code 002416;Alcools;COMPOSES ORGANIQUES VOLATILS
0COVALD;Aldéhydes;Aldéhydes;COMPOSES ORGANIQUES VOLATILS
1938;(E)-Crotonaldéhyde;Aldéhydes;COMPOSES ORGANIQUES VOLATILS
144;2-Furaldéhyde;Aldéhydes;COMPOSES ORGANIQUES VOLATILS
459;Acrylaldéhyde;Aldéhydes;COMPOSES ORGANIQUES VOLATILS
55;Acétaldéhyde;Aldéhydes;COMPOSES ORGANIQUES VOLATILS
56;Benzaldéhyde;Aldéhydes;COMPOSES ORGANIQUES VOLATILS
57;Formaldéhyde;Aldéhydes;COMPOSES ORGANIQUES VOLATILS
145;Glutaral;Aldéhydes;COMPOSES ORGANIQUES VOLATILS
745;Glyoxal;Aldéhydes;COMPOSES ORGANIQUES VOLATILS
3313;Hexanaldéhyde;Aldéhydes;COMPOSES ORGANIQUES VOLATILS
3105;Isobutyraldéhyde;Aldéhydes;COMPOSES ORGANIQUES VOLATILS
1942;Propionaldéhyde;Aldéhydes;COMPOSES ORGANIQUES VOLATILS
0COVAMD;Amides;Amides;COMPOSES ORGANIQUES VOLATILS
3322;1-Ethyl-2-pyrrolidinone;Amides;COMPOSES ORGANIQUES VOLATILS
3278;1-Vinylhexahydro-2-H-azépinne-2-one;Amides;COMPOSES ORGANIQUES VOLATILS
460;Acrylamide;Amides;COMPOSES ORGANIQUES VOLATILS
3335;Cyanamide;Amides;COMPOSES ORGANIQUES VOLATILS
637;e-Caprolactame (poudre et vapeur);Amides;COMPOSES ORGANIQUES VOLATILS
3084;Formamide;Amides;COMPOSES ORGANIQUES VOLATILS
1425;N,N-Diméthylacétamide;Amides;COMPOSES ORGANIQUES VOLATILS
155;N,N-Diméthylformamide;Amides;COMPOSES ORGANIQUES VOLATILS
3328;N-Methylacetamide;Amides;COMPOSES ORGANIQUES VOLATILS
987;N-méthyl-2-Pyrrolidone;Amides;COMPOSES ORGANIQUES VOLATILS
0COVAMN;Amines;Amines;COMPOSES ORGANIQUES VOLATILS
936;1,4-Diazabicyclooctane;Amines;COMPOSES ORGANIQUES VOLATILS
200;2,2',2''-Nitrilotriéthanol;Amines;COMPOSES ORGANIQUES VOLATILS
147;2,2'-Iminodi(éthylamine);Amines;COMPOSES ORGANIQUES VOLATILS
139;2,2'-Iminodiethanol;Amines;COMPOSES ORGANIQUES VOLATILS
175;2-Aminoéthanol;Amines;COMPOSES ORGANIQUES VOLATILS
711;2-Diméthylaminoéthanol;Amines;COMPOSES ORGANIQUES VOLATILS
2017;3,3'-Diméthoxybenzidine;Amines;COMPOSES ORGANIQUES VOLATILS
1235;3-Aminométhyl-3,5,5-triméthylcyclohexylamine;Amines;COMPOSES ORGANIQUES VOLATILS
2028;3-Aminopropyldiméthylamine;Amines;COMPOSES ORGANIQUES VOLATILS
2023;4,4'-bi-o-toluidine;Amines;COMPOSES ORGANIQUES VOLATILS
1330;4,4'-Méthylènebis[2-chloroaniline];Amines;COMPOSES ORGANIQUES VOLATILS
696;4,4'-Méthylènedianiline;Amines;COMPOSES ORGANIQUES VOLATILS
1017;Amine aliphatique;Amines;COMPOSES ORGANIQUES VOLATILS
736;Amine aromatique;Amines;COMPOSES ORGANIQUES VOLATILS
557;Amitrole;Amines;COMPOSES ORGANIQUES VOLATILS
60;Aniline;Amines;COMPOSES ORGANIQUES VOLATILS
2320;Bis(4-octylphényl)amine;Amines;COMPOSES ORGANIQUES VOLATILS
647;Cyclohexylamine;Amines;COMPOSES ORGANIQUES VOLATILS
712;Cyclohexyldiméthylamine;Amines;COMPOSES ORGANIQUES VOLATILS
3063;Diméthyl(propyl)amine;Amines;COMPOSES ORGANIQUES VOLATILS
1259;Diméthylamine;Amines;COMPOSES ORGANIQUES VOLATILS
146;Diéthylamine;Amines;COMPOSES ORGANIQUES VOLATILS
176;Ethylamine;Amines;COMPOSES ORGANIQUES VOLATILS
154;Ethyldiméthylamine;Amines;COMPOSES ORGANIQUES VOLATILS
1147;Ethylènediamine;Amines;COMPOSES ORGANIQUES VOLATILS
285;Hydrazine;Amines;COMPOSES ORGANIQUES VOLATILS
162;Isopropylamine;Amines;COMPOSES ORGANIQUES VOLATILS
2009;M-Phénylènediamine, dichlorhydrate;Amines;COMPOSES ORGANIQUES VOLATILS
876;Melamine;Amines;COMPOSES ORGANIQUES VOLATILS
735;Morpholine;Amines;COMPOSES ORGANIQUES VOLATILS
489;Méthenamine;Amines;COMPOSES ORGANIQUES VOLATILS
1994;Méthylamine;Amines;COMPOSES ORGANIQUES VOLATILS
1025;N,N-diméthylaniline;Amines;COMPOSES ORGANIQUES VOLATILS
483;N,N-Diméthylisopropylamine;Amines;COMPOSES ORGANIQUES VOLATILS
3092;N-Isopropyl-N'-phényl-p-phénylènediamine;Amines;COMPOSES ORGANIQUES VOLATILS
3277;O-Toluidine;Amines;COMPOSES ORGANIQUES VOLATILS
757;p-Pphénylenediamine;Amines;COMPOSES ORGANIQUES VOLATILS
3056;Phénylènediamine;Amines;COMPOSES ORGANIQUES VOLATILS
3334;Pipérazine (poudre et vapeur);Amines;COMPOSES ORGANIQUES VOLATILS
2006;Toluidine;Amines;COMPOSES ORGANIQUES VOLATILS
1231;Trientine;Amines;COMPOSES ORGANIQUES VOLATILS
1995;Triméthylamine;Amines;COMPOSES ORGANIQUES VOLATILS
201;Triéthylamine;Amines;COMPOSES ORGANIQUES VOLATILS
3090;Utiliser le code 002320;Amines;COMPOSES ORGANIQUES VOLATILS
0COVANE;Anesthésiants;Anesthésiants;COMPOSES ORGANIQUES VOLATILS
114;Chlorodifluoro-méthane;Anesthésiants;COMPOSES ORGANIQUES VOLATILS
2794;Cryofluorane;Anesthésiants;COMPOSES ORGANIQUES VOLATILS
3118;Desflurane ou suprane;Anesthésiants;COMPOSES ORGANIQUES VOLATILS
1898;Enflurane;Anesthésiants;COMPOSES ORGANIQUES VOLATILS
3055;Halothane;Anesthésiants;COMPOSES ORGANIQUES VOLATILS
3062;Isoflurane;Anesthésiants;COMPOSES ORGANIQUES VOLATILS
1088;Oxyde de diazote;Anesthésiants;COMPOSES ORGANIQUES VOLATILS
3119;Sévoflurane;Anesthésiants;COMPOSES ORGANIQUES VOLATILS
0COVACZ;Autres composés azotés;Autres composés azotés;COMPOSES ORGANIQUES VOLATILS
1971;1-Nitropropane;Autres composés azotés;COMPOSES ORGANIQUES VOLATILS
739;2-Nitropropane;Autres composés azotés;COMPOSES ORGANIQUES VOLATILS
920;2-Nitrotoluène;Autres composés azotés;COMPOSES ORGANIQUES VOLATILS
928;4-Nitrotoluène;Autres composés azotés;COMPOSES ORGANIQUES VOLATILS
46;Acrylonitrile;Autres composés azotés;COMPOSES ORGANIQUES VOLATILS
26;Acétonitrile;Autres composés azotés;COMPOSES ORGANIQUES VOLATILS
3279;Azide de sodium;Autres composés azotés;COMPOSES ORGANIQUES VOLATILS
766;Butanone-oxime;Autres composés azotés;COMPOSES ORGANIQUES VOLATILS
1694;Dinitrate d'éthylène;Autres composés azotés;COMPOSES ORGANIQUES VOLATILS
1766;Imidazolidine-2-thione;Autres composés azotés;COMPOSES ORGANIQUES VOLATILS
498;Nitrobenzène;Autres composés azotés;COMPOSES ORGANIQUES VOLATILS
636;Nitrométhane;Autres composés azotés;COMPOSES ORGANIQUES VOLATILS
1095;Nitroéthane;Autres composés azotés;COMPOSES ORGANIQUES VOLATILS
3110;o-Chlorobenzylidène malononitrile;Autres composés azotés;COMPOSES ORGANIQUES VOLATILS
3126;Octogène;Autres composés azotés;COMPOSES ORGANIQUES VOLATILS
1691;Penthrite;Autres composés azotés;COMPOSES ORGANIQUES VOLATILS
3125;Perhydro-1,3,5-trinitro-1,3,5-triazine;Autres composés azotés;COMPOSES ORGANIQUES VOLATILS
1628;Pipéridine;Autres composés azotés;COMPOSES ORGANIQUES VOLATILS
278;Polyuréthanne;Autres composés azotés;COMPOSES ORGANIQUES VOLATILS
435;Polyvinylpyrrolidone;Autres composés azotés;COMPOSES ORGANIQUES VOLATILS
511;Pyridine;Autres composés azotés;COMPOSES ORGANIQUES VOLATILS
383;Thiourée;Autres composés azotés;COMPOSES ORGANIQUES VOLATILS
0COVAUT;Autres composés organiques volatils;Autres composés organiques volatils;COMPOSES ORGANIQUES VOLATILS
3330;Agents chimiques identifiés par screening;Autres composés organiques volatils;COMPOSES ORGANIQUES VOLATILS
0COVACS;Autres composés soufrés;Autres composés soufrés;COMPOSES ORGANIQUES VOLATILS
513;Sulfate de diméthyle;Autres composés soufrés;COMPOSES ORGANIQUES VOLATILS
0COVCET;Cétones;Cétones;COMPOSES ORGANIQUES VOLATILS
1186;1-Vinyl-2-pyrrolidone;Cétones;COMPOSES ORGANIQUES VOLATILS
3095;2,2,4,4-Tétraméthylpentane-3-one;Cétones;COMPOSES ORGANIQUES VOLATILS
1215;2,6-Dimethylheptane-4-one;Cétones;COMPOSES ORGANIQUES VOLATILS
3130;2-pyrrolidone;Cétones;COMPOSES ORGANIQUES VOLATILS
1402;3-Méthylbutanone;Cétones;COMPOSES ORGANIQUES VOLATILS
119;4-Hydroxy-4-méthylpentan-2-one;Cétones;COMPOSES ORGANIQUES VOLATILS
1403;4-Méthylpent-3-ène-2-one;Cétones;COMPOSES ORGANIQUES VOLATILS
166;4-Méthylpentane-2-one;Cétones;COMPOSES ORGANIQUES VOLATILS
1246;5-Méthylheptane-3-one;Cétones;COMPOSES ORGANIQUES VOLATILS
320;5-Méthylhexane-2-one;Cétones;COMPOSES ORGANIQUES VOLATILS
25;Acétone;Cétones;COMPOSES ORGANIQUES VOLATILS
2429;Acétophénone;Cétones;COMPOSES ORGANIQUES VOLATILS
3102;Acétoïne;Cétones;COMPOSES ORGANIQUES VOLATILS
1722;Anthraquinone;Cétones;COMPOSES ORGANIQUES VOLATILS
1085;Benzophénone;Cétones;COMPOSES ORGANIQUES VOLATILS
87;Butanone;Cétones;COMPOSES ORGANIQUES VOLATILS
852;Butyrolactone;Cétones;COMPOSES ORGANIQUES VOLATILS
118;Cyclohexanone;Cétones;COMPOSES ORGANIQUES VOLATILS
1581;Heptane-2-one;Cétones;COMPOSES ORGANIQUES VOLATILS
3280;Heptane-3-one;Cétones;COMPOSES ORGANIQUES VOLATILS
164;Hexane-2-one;Cétones;COMPOSES ORGANIQUES VOLATILS
161;Isophorone;Cétones;COMPOSES ORGANIQUES VOLATILS
1013;Pentane-2,4-dione;Cétones;COMPOSES ORGANIQUES VOLATILS
0COVDHA;Dérivés halogénés;Dérivés halogénés;COMPOSES ORGANIQUES VOLATILS
196;1,1,1-Trichloroéthane;Dérivés halogénés;COMPOSES ORGANIQUES VOLATILS
1557;1,1,2-Trichloroéthane;Dérivés halogénés;COMPOSES ORGANIQUES VOLATILS
92;1,1-Dichloroéthane;Dérivés halogénés;COMPOSES ORGANIQUES VOLATILS
1677;1,2,3-Trichloropropane;Dérivés halogénés;COMPOSES ORGANIQUES VOLATILS
3321;1,2,4 Trichlorobenzène;Dérivés halogénés;COMPOSES ORGANIQUES VOLATILS
1564;1,2-Dibromo-3-chloropropane;Dérivés halogénés;COMPOSES ORGANIQUES VOLATILS
133;1,2-Dichlorobenzène;Dérivés halogénés;COMPOSES ORGANIQUES VOLATILS
135;1,2-Dichloropropane;Dérivés halogénés;COMPOSES ORGANIQUES VOLATILS
91;1,2-Dichloroéthane;Dérivés halogénés;COMPOSES ORGANIQUES VOLATILS
124;1,2-Dichloroéthylène;Dérivés halogénés;COMPOSES ORGANIQUES VOLATILS
3108;1,3-Dichlorobenzène;Dérivés halogénés;COMPOSES ORGANIQUES VOLATILS
1568;1,3-Dichloropropène;Dérivés halogénés;COMPOSES ORGANIQUES VOLATILS
330;1,4-Dichlorobenzène;Dérivés halogénés;COMPOSES ORGANIQUES VOLATILS
1563;1-Bromopropane;Dérivés halogénés;COMPOSES ORGANIQUES VOLATILS
669;3-Chloropropène;Dérivés halogénés;COMPOSES ORGANIQUES VOLATILS
1919;a,a,a-Trichlorotoluène;Dérivés halogénés;COMPOSES ORGANIQUES VOLATILS
476;a-Chlorotoluène;Dérivés halogénés;COMPOSES ORGANIQUES VOLATILS
85;Biphényl-1,1', dérivés chloro;Dérivés halogénés;COMPOSES ORGANIQUES VOLATILS
471;Bromure de méthyle;Dérivés halogénés;COMPOSES ORGANIQUES VOLATILS
174;Chlorobenzène;Dérivés halogénés;COMPOSES ORGANIQUES VOLATILS
474;Chloroforme;Dérivés halogénés;COMPOSES ORGANIQUES VOLATILS
115;Chlorométhane;Dérivés halogénés;COMPOSES ORGANIQUES VOLATILS
475;Chloronaphtalène;Dérivés halogénés;COMPOSES ORGANIQUES VOLATILS
644;Chlorotoluène;Dérivés halogénés;COMPOSES ORGANIQUES VOLATILS
3336;Chloroéthane;Dérivés halogénés;COMPOSES ORGANIQUES VOLATILS
593;Chlorpyriphos;Dérivés halogénés;COMPOSES ORGANIQUES VOLATILS
592;Chlorpyriphos-méthyl;Dérivés halogénés;COMPOSES ORGANIQUES VOLATILS
645;Chlorure de benzoyle;Dérivés halogénés;COMPOSES ORGANIQUES VOLATILS
477;Chlorure de vinyle monomère;Dérivés halogénés;COMPOSES ORGANIQUES VOLATILS
3248;Dibromodifluorométhane;Dérivés halogénés;COMPOSES ORGANIQUES VOLATILS
1554;Dibromométhane;Dérivés halogénés;COMPOSES ORGANIQUES VOLATILS
95;Dichlorométhane;Dérivés halogénés;COMPOSES ORGANIQUES VOLATILS
93;Dichloroéthane;Dérivés halogénés;COMPOSES ORGANIQUES VOLATILS
126;Dichloroéthylène;Dérivés halogénés;COMPOSES ORGANIQUES VOLATILS
169;Hexachlorocyclohexane;Dérivés halogénés;COMPOSES ORGANIQUES VOLATILS
295;Hexachloroéthane;Dérivés halogénés;COMPOSES ORGANIQUES VOLATILS
1555;Iodométhane;Dérivés halogénés;COMPOSES ORGANIQUES VOLATILS
505;Phosgène;Dérivés halogénés;COMPOSES ORGANIQUES VOLATILS
82;Polychloroprène;Dérivés halogénés;COMPOSES ORGANIQUES VOLATILS
3348;Trans-1,2-dichloroéthylène;Dérivés halogénés;COMPOSES ORGANIQUES VOLATILS
1006;Trichlorobenzène (All isomers);Dérivés halogénés;COMPOSES ORGANIQUES VOLATILS
3323;Trichloronitrométhane;Dérivés halogénés;COMPOSES ORGANIQUES VOLATILS
197;Trichloroéthylène;Dérivés halogénés;COMPOSES ORGANIQUES VOLATILS
181;Tétrachloroéthylène;Dérivés halogénés;COMPOSES ORGANIQUES VOLATILS
194;Tétrachlorure de carbone;Dérivés halogénés;COMPOSES ORGANIQUES VOLATILS
136;Utiliser le code 000135;Dérivés halogénés;COMPOSES ORGANIQUES VOLATILS
0COVESP;Essence, solvants, pétrole;Essence, solvants, pétrole;COMPOSES ORGANIQUES VOLATILS
193;Disulfure de carbone;Essence, solvants, pétrole;COMPOSES ORGANIQUES VOLATILS
414;Essence C;Essence, solvants, pétrole;COMPOSES ORGANIQUES VOLATILS
458;Essence E;Essence, solvants, pétrole;COMPOSES ORGANIQUES VOLATILS
313;Essence E - aromatiques <= 5 %;Essence, solvants, pétrole;COMPOSES ORGANIQUES VOLATILS
398;Essence F;Essence, solvants, pétrole;COMPOSES ORGANIQUES VOLATILS
314;Essence F - aromatiques <= 5 %;Essence, solvants, pétrole;COMPOSES ORGANIQUES VOLATILS
275;Essence spéciale;Essence, solvants, pétrole;COMPOSES ORGANIQUES VOLATILS
276;Essence spéciale  - aromatiques <= 5 %;Essence, solvants, pétrole;COMPOSES ORGANIQUES VOLATILS
3152;Fraction soluble CH2 CL2;Essence, solvants, pétrole;COMPOSES ORGANIQUES VOLATILS
3229;Fraction soluble cyclohexane;Essence, solvants, pétrole;COMPOSES ORGANIQUES VOLATILS
3275;Fraction soluble de fluides d'usinage;Essence, solvants, pétrole;COMPOSES ORGANIQUES VOLATILS
3247;Fraction soluble tétrachloroéthylène;Essence, solvants, pétrole;COMPOSES ORGANIQUES VOLATILS
415;Gasoil;Essence, solvants, pétrole;COMPOSES ORGANIQUES VOLATILS
422;Pétrole lampant;Essence, solvants, pétrole;COMPOSES ORGANIQUES VOLATILS
339;Pétrole lampant désaromatisé;Essence, solvants, pétrole;COMPOSES ORGANIQUES VOLATILS
423;Solvant aromatique;Essence, solvants, pétrole;COMPOSES ORGANIQUES VOLATILS
94;Solvant pétrolier;Essence, solvants, pétrole;COMPOSES ORGANIQUES VOLATILS
425;Solvant pétrolier dont plus de 5 % du volume;Essence, solvants, pétrole;COMPOSES ORGANIQUES VOLATILS
232;White spirit;Essence, solvants, pétrole;COMPOSES ORGANIQUES VOLATILS
355;White-spirit  - aromatiques <=5 %;Essence, solvants, pétrole;COMPOSES ORGANIQUES VOLATILS
291;White-spirit  - aromatiques > 5 %;Essence, solvants, pétrole;COMPOSES ORGANIQUES VOLATILS
0COVEST;Esters;Esters;COMPOSES ORGANIQUES VOLATILS
3072;3-Ethoxypropionate d'éthyle;Esters;COMPOSES ORGANIQUES VOLATILS
1041;Acide acrylique, monoester avec propane-1,2-diol;Esters;COMPOSES ORGANIQUES VOLATILS
734;Acrylate;Esters;COMPOSES ORGANIQUES VOLATILS
461;Acrylate d'éthyle;Esters;COMPOSES ORGANIQUES VOLATILS
1040;Acrylate de 2-hydroxyéthyle;Esters;COMPOSES ORGANIQUES VOLATILS
1039;Acrylate de 2-éthylhexyle;Esters;COMPOSES ORGANIQUES VOLATILS
462;Acrylate de méthyle;Esters;COMPOSES ORGANIQUES VOLATILS
1036;Acrylate de n-butyle;Esters;COMPOSES ORGANIQUES VOLATILS
106;Acétate d'isobutyle;Esters;COMPOSES ORGANIQUES VOLATILS
105;Acétate d'isopentyle;Esters;COMPOSES ORGANIQUES VOLATILS
23;Acétate d'isopropyle;Esters;COMPOSES ORGANIQUES VOLATILS
20;Acétate d'éthyle;Esters;COMPOSES ORGANIQUES VOLATILS
3318;Acétate de 1-méthylbutyle;Esters;COMPOSES ORGANIQUES VOLATILS
3337;Acétate de 3-pentyle;Esters;COMPOSES ORGANIQUES VOLATILS
1883;Acétate de benzyle;Esters;COMPOSES ORGANIQUES VOLATILS
107;Acétate de méthyle;Esters;COMPOSES ORGANIQUES VOLATILS
19;Acétate de n-butyle;Esters;COMPOSES ORGANIQUES VOLATILS
103;Acétate de pentyle;Esters;COMPOSES ORGANIQUES VOLATILS
108;Acétate de propyle;Esters;COMPOSES ORGANIQUES VOLATILS
120;Acétate de sec-butyle;Esters;COMPOSES ORGANIQUES VOLATILS
121;Acétate de tert-butyle;Esters;COMPOSES ORGANIQUES VOLATILS
1597;Acétate de vinyle;Esters;COMPOSES ORGANIQUES VOLATILS
3106;Adipate de diméthyle;Esters;COMPOSES ORGANIQUES VOLATILS
3338;Amylacétate,tert;Esters;COMPOSES ORGANIQUES VOLATILS
869;Cyanoacrylate d'éthyle;Esters;COMPOSES ORGANIQUES VOLATILS
1593;Formiate d'isobutyle;Esters;COMPOSES ORGANIQUES VOLATILS
1591;Formiate de butyle;Esters;COMPOSES ORGANIQUES VOLATILS
259;Formiate de méthyle;Esters;COMPOSES ORGANIQUES VOLATILS
3316;Fumarate de diméthyle;Esters;COMPOSES ORGANIQUES VOLATILS
3317;Fumarate de diéthyle;Esters;COMPOSES ORGANIQUES VOLATILS
1845;Glutarate de diméthyle;Esters;COMPOSES ORGANIQUES VOLATILS
683;Glycolate de butyle;Esters;COMPOSES ORGANIQUES VOLATILS
254;Lactate d'éthyle;Esters;COMPOSES ORGANIQUES VOLATILS
1005;Lactate de butyle;Esters;COMPOSES ORGANIQUES VOLATILS
685;Mécrilate;Esters;COMPOSES ORGANIQUES VOLATILS
1956;Méthacrylate d'isobutyle;Esters;COMPOSES ORGANIQUES VOLATILS
1738;Méthacrylate d'éthyle;Esters;COMPOSES ORGANIQUES VOLATILS
864;Méthacrylate de 2-hydroxyéthyle;Esters;COMPOSES ORGANIQUES VOLATILS
1603;Méthacrylate de butyle;Esters;COMPOSES ORGANIQUES VOLATILS
163;Méthacrylate de méthyle;Esters;COMPOSES ORGANIQUES VOLATILS
1247;Perméthrine (ISO);Esters;COMPOSES ORGANIQUES VOLATILS
326;Polyester;Esters;COMPOSES ORGANIQUES VOLATILS
3107;Succinate de diméthyle;Esters;COMPOSES ORGANIQUES VOLATILS
0COVEGE;Ethers de glycol dérivés de l'éthylène glycol;Ethers de glycol dérivés de l'éthylène glycol;COMPOSES ORGANIQUES VOLATILS
1695;1,2-Diméthoxyéthane;Ethers de glycol dérivés de l'éthylène glycol;COMPOSES ORGANIQUES VOLATILS
907;2,2'-(éthylenedioxy)Diéthanol;Ethers de glycol dérivés de l'éthylène glycol;COMPOSES ORGANIQUES VOLATILS
748;2-(2-butoxyéthoxy)Ethanol;Ethers de glycol dérivés de l'éthylène glycol;COMPOSES ORGANIQUES VOLATILS
329;2-(2-Ethoxyéthoxy)éthanol;Ethers de glycol dérivés de l'éthylène glycol;COMPOSES ORGANIQUES VOLATILS
2213;2-(2-Méthoxyéthoxy)éthanol;Ethers de glycol dérivés de l'éthylène glycol;COMPOSES ORGANIQUES VOLATILS
90;2-Butoxyéthanol;Ethers de glycol dérivés de l'éthylène glycol;COMPOSES ORGANIQUES VOLATILS
141;2-Ethoxyéthanol;Ethers de glycol dérivés de l'éthylène glycol;COMPOSES ORGANIQUES VOLATILS
1248;2-Isopropoxyéthanol;Ethers de glycol dérivés de l'éthylène glycol;COMPOSES ORGANIQUES VOLATILS
165;2-Méthoxyéthanol;Ethers de glycol dérivés de l'éthylène glycol;COMPOSES ORGANIQUES VOLATILS
2081;2-Phénoxyéthanol;Ethers de glycol dérivés de l'éthylène glycol;COMPOSES ORGANIQUES VOLATILS
3123;3-Méthoxybutane-1-ol;Ethers de glycol dérivés de l'éthylène glycol;COMPOSES ORGANIQUES VOLATILS
3066;Acétate de 2-(1-méthylethoxy)Ethyle;Ethers de glycol dérivés de l'éthylène glycol;COMPOSES ORGANIQUES VOLATILS
940;Acétate de 2-(2-butoxyéthoxy)éthyle;Ethers de glycol dérivés de l'éthylène glycol;COMPOSES ORGANIQUES VOLATILS
21;Acétate de 2-butoxyéthyle;Ethers de glycol dérivés de l'éthylène glycol;COMPOSES ORGANIQUES VOLATILS
24;Acétate de 2-méthoxyéthyle;Ethers de glycol dérivés de l'éthylène glycol;COMPOSES ORGANIQUES VOLATILS
22;Acétate de 2-éthoxyéthyle;Ethers de glycol dérivés de l'éthylène glycol;COMPOSES ORGANIQUES VOLATILS
2694;Acétate de 3-méthoxybutyle;Ethers de glycol dérivés de l'éthylène glycol;COMPOSES ORGANIQUES VOLATILS
1861;Butoxypropanol;Ethers de glycol dérivés de l'éthylène glycol;COMPOSES ORGANIQUES VOLATILS
944;Di(acétate) d'éthylène;Ethers de glycol dérivés de l'éthylène glycol;COMPOSES ORGANIQUES VOLATILS
142;Ethylène-glycol;Ethers de glycol dérivés de l'éthylène glycol;COMPOSES ORGANIQUES VOLATILS
3079;Oxyde de bis(2-méthoxyéthyle);Ethers de glycol dérivés de l'éthylène glycol;COMPOSES ORGANIQUES VOLATILS
1600;Propionate de butyle;Ethers de glycol dérivés de l'éthylène glycol;COMPOSES ORGANIQUES VOLATILS
0COVEGP;Ethers de glycol dérivés du propylène glycol;Ethers de glycol dérivés du propylène glycol;COMPOSES ORGANIQUES VOLATILS
1331;(2-Méthoxyméthylethoxy)propanol;Ethers de glycol dérivés du propylène glycol;COMPOSES ORGANIQUES VOLATILS
1065;1-(2-Méthoxy-1-méthylethoxy)propane-2-ol;Ethers de glycol dérivés du propylène glycol;COMPOSES ORGANIQUES VOLATILS
1929;1-Butoxypropane-2-ol;Ethers de glycol dérivés du propylène glycol;COMPOSES ORGANIQUES VOLATILS
3124;1-Ethoxypropane-2-ol;Ethers de glycol dérivés du propylène glycol;COMPOSES ORGANIQUES VOLATILS
328;1-Méthoxypropane-2-ol;Ethers de glycol dérivés du propylène glycol;COMPOSES ORGANIQUES VOLATILS
3064;2-Méthoxypropanol;Ethers de glycol dérivés du propylène glycol;COMPOSES ORGANIQUES VOLATILS
3265;[2-(2-Méthoxyméthylethoxy)méthylethoxy]propanol;Ethers de glycol dérivés du propylène glycol;COMPOSES ORGANIQUES VOLATILS
3076;Acétate de 1-éthoxy-3-propanol;Ethers de glycol dérivés du propylène glycol;COMPOSES ORGANIQUES VOLATILS
2641;Acétate de 2-méthoxy-1-méthyléthyle;Ethers de glycol dérivés du propylène glycol;COMPOSES ORGANIQUES VOLATILS
3065;Acétate de 2-Méthoxypropyle;Ethers de glycol dérivés du propylène glycol;COMPOSES ORGANIQUES VOLATILS
3075;Acétate de 2-éthoxy-1-méthyléthyle;Ethers de glycol dérivés du propylène glycol;COMPOSES ORGANIQUES VOLATILS
2789;Ether monoéthylique du propylène-glycol;Ethers de glycol dérivés du propylène glycol;COMPOSES ORGANIQUES VOLATILS
0COVEOX;Ethers oxydes;Ethers oxydes;COMPOSES ORGANIQUES VOLATILS
922;1,2-Epoxybutane;Ethers oxydes;COMPOSES ORGANIQUES VOLATILS
541;1,3,5-Trioxanne;Ethers oxydes;COMPOSES ORGANIQUES VOLATILS
1943;1,3-Dioxolanne;Ethers oxydes;COMPOSES ORGANIQUES VOLATILS
157;1,4-Dioxanne;Ethers oxydes;COMPOSES ORGANIQUES VOLATILS
486;1-Chloro-2,3-époxypropane;Ethers oxydes;COMPOSES ORGANIQUES VOLATILS
3266;2-Ethoxy-2-méthylpropane;Ethers oxydes;COMPOSES ORGANIQUES VOLATILS
3267;2-Méthoxy-2-méthylbutane;Ethers oxydes;COMPOSES ORGANIQUES VOLATILS
496;Diméthoxyméthane;Ethers oxydes;COMPOSES ORGANIQUES VOLATILS
156;Diméthylsulfoxyde;Ethers oxydes;COMPOSES ORGANIQUES VOLATILS
3273;Ether diglycidylique du Bis-phénol F (DGBEF);Ethers oxydes;COMPOSES ORGANIQUES VOLATILS
3261;Ethoxy-benzène;Ethers oxydes;COMPOSES ORGANIQUES VOLATILS
501;Oxyde d'éthylène;Ethers oxydes;COMPOSES ORGANIQUES VOLATILS
1253;Oxyde de bis(pentabromophényle);Ethers oxydes;COMPOSES ORGANIQUES VOLATILS
1924;Oxyde de Butyle et de 2,3-époxypropyle;Ethers oxydes;COMPOSES ORGANIQUES VOLATILS
1664;Oxyde de dibutyle;Ethers oxydes;COMPOSES ORGANIQUES VOLATILS
1926;Oxyde de diisopropyle;Ethers oxydes;COMPOSES ORGANIQUES VOLATILS
1699;Oxyde de diméthyle;Ethers oxydes;COMPOSES ORGANIQUES VOLATILS
143;Oxyde de diéthyle;Ethers oxydes;COMPOSES ORGANIQUES VOLATILS
3101;Oxyde de tert-butyle et de méthyle;Ethers oxydes;COMPOSES ORGANIQUES VOLATILS
750;Piperonyl butoxide;Ethers oxydes;COMPOSES ORGANIQUES VOLATILS
195;Tétrahydrofuranne;Ethers oxydes;COMPOSES ORGANIQUES VOLATILS
0COVFRE;Fréons;Fréons;COMPOSES ORGANIQUES VOLATILS
199;1,1,2-Trichlorotrifluoroéthane;Fréons;COMPOSES ORGANIQUES VOLATILS
3114;1,1-Dichloro-1-fluoroéthane;Fréons;COMPOSES ORGANIQUES VOLATILS
134;Dichlorodifluorométhane;Fréons;COMPOSES ORGANIQUES VOLATILS
198;Trichlorofluorométhane;Fréons;COMPOSES ORGANIQUES VOLATILS
0COVHAL;Hydrocarbures aliphatiques et cycloaliphatiques;Hydrocarbures aliphatiques et cycloaliph;COMPOSES ORGANIQUES VOLATILS
1238;2,2,4,6,6-Pentaméthylheptane;Hydrocarbures aliphatiques et cycloaliph;COMPOSES ORGANIQUES VOLATILS
1761;2,4,4-Triméthylpentène;Hydrocarbures aliphatiques et cycloaliph;COMPOSES ORGANIQUES VOLATILS
3093;2-Méthylpentane;Hydrocarbures aliphatiques et cycloaliph;COMPOSES ORGANIQUES VOLATILS
3286;2-Méthylpropène;Hydrocarbures aliphatiques et cycloaliph;COMPOSES ORGANIQUES VOLATILS
3069;3,7,7-Triméthylbicyclo[4.1.0]hept-3-ène;Hydrocarbures aliphatiques et cycloaliph;COMPOSES ORGANIQUES VOLATILS
3094;3-Méthylpentane;Hydrocarbures aliphatiques et cycloaliph;COMPOSES ORGANIQUES VOLATILS
1102;Acetylène;Hydrocarbures aliphatiques et cycloaliph;COMPOSES ORGANIQUES VOLATILS
641;Buta-1,3-diène;Hydrocarbures aliphatiques et cycloaliph;COMPOSES ORGANIQUES VOLATILS
86;Butane;Hydrocarbures aliphatiques et cycloaliph;COMPOSES ORGANIQUES VOLATILS
116;Cyclohexane;Hydrocarbures aliphatiques et cycloaliph;COMPOSES ORGANIQUES VOLATILS
740;Cyclopentane;Hydrocarbures aliphatiques et cycloaliph;COMPOSES ORGANIQUES VOLATILS
3122;Dicyclopentadiène;Hydrocarbures aliphatiques et cycloaliph;COMPOSES ORGANIQUES VOLATILS
413;Dodécane;Hydrocarbures aliphatiques et cycloaliph;COMPOSES ORGANIQUES VOLATILS
3053;Décahydronaphtalène;Hydrocarbures aliphatiques et cycloaliph;COMPOSES ORGANIQUES VOLATILS
37;Décane;Hydrocarbures aliphatiques et cycloaliph;COMPOSES ORGANIQUES VOLATILS
1103;Ethylène;Hydrocarbures aliphatiques et cycloaliph;COMPOSES ORGANIQUES VOLATILS
2225;Hexane -mélange d'isomères contenant plu;Hydrocarbures aliphatiques et cycloaliph;COMPOSES ORGANIQUES VOLATILS
2224;Hexane -mélange d'isomères contenant un;Hydrocarbures aliphatiques et cycloaliph;COMPOSES ORGANIQUES VOLATILS
252;Hydrocarbures aliphatiques et alicycliques;Hydrocarbures aliphatiques et cycloaliph;COMPOSES ORGANIQUES VOLATILS
3103;Hydrocarbures C6 à C12;Hydrocarbures aliphatiques et cycloaliph;COMPOSES ORGANIQUES VOLATILS
360;Hydrocarbures saturés;Hydrocarbures aliphatiques et cycloaliph;COMPOSES ORGANIQUES VOLATILS
1830;Isobutane;Hydrocarbures aliphatiques et cycloaliph;COMPOSES ORGANIQUES VOLATILS
697;Isopentane;Hydrocarbures aliphatiques et cycloaliph;COMPOSES ORGANIQUES VOLATILS
1541;Méthane;Hydrocarbures aliphatiques et cycloaliph;COMPOSES ORGANIQUES VOLATILS
768;Méthylcyclohexane;Hydrocarbures aliphatiques et cycloaliph;COMPOSES ORGANIQUES VOLATILS
159;n-heptane;Hydrocarbures aliphatiques et cycloaliph;COMPOSES ORGANIQUES VOLATILS
170;n-Hexane;Hydrocarbures aliphatiques et cycloaliph;COMPOSES ORGANIQUES VOLATILS
421;n-Pentane;Hydrocarbures aliphatiques et cycloaliph;COMPOSES ORGANIQUES VOLATILS
418;Nonane;Hydrocarbures aliphatiques et cycloaliph;COMPOSES ORGANIQUES VOLATILS
3333;Néopentane;Hydrocarbures aliphatiques et cycloaliph;COMPOSES ORGANIQUES VOLATILS
419;Octane;Hydrocarbures aliphatiques et cycloaliph;COMPOSES ORGANIQUES VOLATILS
420;Pentadécane;Hydrocarbures aliphatiques et cycloaliph;COMPOSES ORGANIQUES VOLATILS
75;Polybutène;Hydrocarbures aliphatiques et cycloaliph;COMPOSES ORGANIQUES VOLATILS
333;Polyisobutène;Hydrocarbures aliphatiques et cycloaliph;COMPOSES ORGANIQUES VOLATILS
288;Propane;Hydrocarbures aliphatiques et cycloaliph;COMPOSES ORGANIQUES VOLATILS
428;Tridécane;Hydrocarbures aliphatiques et cycloaliph;COMPOSES ORGANIQUES VOLATILS
427;Tétradécane;Hydrocarbures aliphatiques et cycloaliph;COMPOSES ORGANIQUES VOLATILS
426;Undecane;Hydrocarbures aliphatiques et cycloaliph;COMPOSES ORGANIQUES VOLATILS
3187;Utiliser le code 000418;Hydrocarbures aliphatiques et cycloaliph;COMPOSES ORGANIQUES VOLATILS
3186;Utiliser le code 000419;Hydrocarbures aliphatiques et cycloaliph;COMPOSES ORGANIQUES VOLATILS
0COVHAR;Hydrocarbures aromatiques;Hydrocarbures aromatiques;COMPOSES ORGANIQUES VOLATILS
3048;1,2,3-Triméthylbenzène;Hydrocarbures aromatiques;COMPOSES ORGANIQUES VOLATILS
3049;1,2,4-Triméthylbenzène;Hydrocarbures aromatiques;COMPOSES ORGANIQUES VOLATILS
3129;2,4-Dinitrotoluène;Hydrocarbures aromatiques;COMPOSES ORGANIQUES VOLATILS
3128;2-6-Dinitrotoluène;Hydrocarbures aromatiques;COMPOSES ORGANIQUES VOLATILS
3047;2-Ethyltoluène;Hydrocarbures aromatiques;COMPOSES ORGANIQUES VOLATILS
1552;2-Méthylstyrène;Hydrocarbures aromatiques;COMPOSES ORGANIQUES VOLATILS
1394;2-Phénylpropène;Hydrocarbures aromatiques;COMPOSES ORGANIQUES VOLATILS
3045;3-Ethyltoluène;Hydrocarbures aromatiques;COMPOSES ORGANIQUES VOLATILS
3046;4-Ethyltoluène;Hydrocarbures aromatiques;COMPOSES ORGANIQUES VOLATILS
77;Benzène;Hydrocarbures aromatiques;COMPOSES ORGANIQUES VOLATILS
102;Cumène;Hydrocarbures aromatiques;COMPOSES ORGANIQUES VOLATILS
1111;Diisopropylbenzène;Hydrocarbures aromatiques;COMPOSES ORGANIQUES VOLATILS
959;Dinitrotoluène;Hydrocarbures aromatiques;COMPOSES ORGANIQUES VOLATILS
3109;Divinylbenzène;Hydrocarbures aromatiques;COMPOSES ORGANIQUES VOLATILS
3086;Diéthylbenzène;Hydrocarbures aromatiques;COMPOSES ORGANIQUES VOLATILS
230;Ethylbenzène;Hydrocarbures aromatiques;COMPOSES ORGANIQUES VOLATILS
3111;Ethylstyrène;Hydrocarbures aromatiques;COMPOSES ORGANIQUES VOLATILS
231;Ethyltoluène;Hydrocarbures aromatiques;COMPOSES ORGANIQUES VOLATILS
3182;Fraction soluble C6H6;Hydrocarbures aromatiques;COMPOSES ORGANIQUES VOLATILS
1216;Hydrocarbures aromatiques en C9-C17;Hydrocarbures aromatiques;COMPOSES ORGANIQUES VOLATILS
416;Hydrocarbures aromatiques monocycliques (HAM);Hydrocarbures aromatiques;COMPOSES ORGANIQUES VOLATILS
3104;Hydrocarbures benzéniques C9 à C12;Hydrocarbures aromatiques;COMPOSES ORGANIQUES VOLATILS
1548;m-Xylène;Hydrocarbures aromatiques;COMPOSES ORGANIQUES VOLATILS
3050;Mésitylène;Hydrocarbures aromatiques;COMPOSES ORGANIQUES VOLATILS
173;o-Xylène;Hydrocarbures aromatiques;COMPOSES ORGANIQUES VOLATILS
1549;p-Xylène;Hydrocarbures aromatiques;COMPOSES ORGANIQUES VOLATILS
101;Propylbenzène;Hydrocarbures aromatiques;COMPOSES ORGANIQUES VOLATILS
3085;Sec-pentylbenzène;Hydrocarbures aromatiques;COMPOSES ORGANIQUES VOLATILS
192;Styrène;Hydrocarbures aromatiques;COMPOSES ORGANIQUES VOLATILS
27;Toluène;Hydrocarbures aromatiques;COMPOSES ORGANIQUES VOLATILS
1093;Triméthylbenzène;Hydrocarbures aromatiques;COMPOSES ORGANIQUES VOLATILS
3088;Tétraméthylbenzènes mélange de durène, isodurène;Hydrocarbures aromatiques;COMPOSES ORGANIQUES VOLATILS
752;Utiliser le code 000101;Hydrocarbures aromatiques;COMPOSES ORGANIQUES VOLATILS
251;Utiliser le code 000416;Hydrocarbures aromatiques;COMPOSES ORGANIQUES VOLATILS
233;Utiliser le code 800078;Hydrocarbures aromatiques;COMPOSES ORGANIQUES VOLATILS
3087;Vinyltoluène;Hydrocarbures aromatiques;COMPOSES ORGANIQUES VOLATILS
171;Xylène;Hydrocarbures aromatiques;COMPOSES ORGANIQUES VOLATILS
0COVHAP;Hydrocarbures aromatiques polycycliques;Hydrocarbures aromatiques polycycliques;COMPOSES ORGANIQUES VOLATILS
515;1,2,3,4-Tétrahydronaphtalène;Hydrocarbures aromatiques polycycliques;COMPOSES ORGANIQUES VOLATILS
1129;1-Méthylnaphtalène;Hydrocarbures aromatiques polycycliques;COMPOSES ORGANIQUES VOLATILS
1131;2-Ethylnaphtalène;Hydrocarbures aromatiques polycycliques;COMPOSES ORGANIQUES VOLATILS
1133;Acénaphtène;Hydrocarbures aromatiques polycycliques;COMPOSES ORGANIQUES VOLATILS
1140;Anthracène;Hydrocarbures aromatiques polycycliques;COMPOSES ORGANIQUES VOLATILS
3080;Benzo(e)acéphénanthrylène;Hydrocarbures aromatiques polycycliques;COMPOSES ORGANIQUES VOLATILS
3077;Benzo[a]anthracène;Hydrocarbures aromatiques polycycliques;COMPOSES ORGANIQUES VOLATILS
112;Benzo[a]pyrène;Hydrocarbures aromatiques polycycliques;COMPOSES ORGANIQUES VOLATILS
3082;Benzo[ghi]perylène;Hydrocarbures aromatiques polycycliques;COMPOSES ORGANIQUES VOLATILS
3081;Benzo[k]fluoranthène;Hydrocarbures aromatiques polycycliques;COMPOSES ORGANIQUES VOLATILS
1144;Chrysène;Hydrocarbures aromatiques polycycliques;COMPOSES ORGANIQUES VOLATILS
3078;Dibenzo[a,h]anthracène;Hydrocarbures aromatiques polycycliques;COMPOSES ORGANIQUES VOLATILS
1132;Diméthylnaphtalène;Hydrocarbures aromatiques polycycliques;COMPOSES ORGANIQUES VOLATILS
1142;Fluoranthène;Hydrocarbures aromatiques polycycliques;COMPOSES ORGANIQUES VOLATILS
1135;Fluorène;Hydrocarbures aromatiques polycycliques;COMPOSES ORGANIQUES VOLATILS
1125;Indane;Hydrocarbures aromatiques polycycliques;COMPOSES ORGANIQUES VOLATILS
1126;Indène;Hydrocarbures aromatiques polycycliques;COMPOSES ORGANIQUES VOLATILS
3083;Indéno[1,2,3-cd]pyrène;Hydrocarbures aromatiques polycycliques;COMPOSES ORGANIQUES VOLATILS
1127;Naphtalène;Hydrocarbures aromatiques polycycliques;COMPOSES ORGANIQUES VOLATILS
1139;Phénanthrène;Hydrocarbures aromatiques polycycliques;COMPOSES ORGANIQUES VOLATILS
1143;Pyrène;Hydrocarbures aromatiques polycycliques;COMPOSES ORGANIQUES VOLATILS
353;Solvant naphta;Hydrocarbures aromatiques polycycliques;COMPOSES ORGANIQUES VOLATILS
1219;Utiliser le code 000252;Hydrocarbures aromatiques polycycliques;COMPOSES ORGANIQUES VOLATILS
0COVNSA;Nitrosamines;Nitrosamines;COMPOSES ORGANIQUES VOLATILS
3099;1-Nitrosopipéridine;Nitrosamines;COMPOSES ORGANIQUES VOLATILS
3121;1-Nitrosopyrrolidine;Nitrosamines;COMPOSES ORGANIQUES VOLATILS
3183;2,2'-(nitrosoimino)Biséthanol;Nitrosamines;COMPOSES ORGANIQUES VOLATILS
3185;Diméthylnitrosoamine;Nitrosamines;COMPOSES ORGANIQUES VOLATILS
3091;Diéthylnitrosoamine;Nitrosamines;COMPOSES ORGANIQUES VOLATILS
3096;N-Nitrisodi-iso-propylamine;Nitrosamines;COMPOSES ORGANIQUES VOLATILS
3097;N-Nitrosodibutylamine;Nitrosamines;COMPOSES ORGANIQUES VOLATILS
3255;N-Nitrosométhyléthylamine;Nitrosamines;COMPOSES ORGANIQUES VOLATILS
3262;Nitrite d'isopropyle;Nitrosamines;COMPOSES ORGANIQUES VOLATILS
3100;Nitrosamines totales;Nitrosamines;COMPOSES ORGANIQUES VOLATILS
3120;Nitrosodipropylamine;Nitrosamines;COMPOSES ORGANIQUES VOLATILS
3184;NMOR;Nitrosamines;COMPOSES ORGANIQUES VOLATILS
3098;Utiliser le code 900058;Nitrosamines;COMPOSES ORGANIQUES VOLATILS
0COVPHO;Phosphates;Phosphates;COMPOSES ORGANIQUES VOLATILS
1815;Dihydrogénophosphate de butyle;Phosphates;COMPOSES ORGANIQUES VOLATILS
1101;Hydrogénophosphate de bis(2-éthylhexyle);Phosphates;COMPOSES ORGANIQUES VOLATILS
411;Phosphate d'aryle;Phosphates;COMPOSES ORGANIQUES VOLATILS
846;Phosphate de 2-éthylhexyle et de diphényle;Phosphates;COMPOSES ORGANIQUES VOLATILS
825;Phosphate de tributyle;Phosphates;COMPOSES ORGANIQUES VOLATILS
3043;Phosphate de triphényle;Phosphates;COMPOSES ORGANIQUES VOLATILS
332;Phosphate de tris(méthylphényle);Phosphates;COMPOSES ORGANIQUES VOLATILS
3155;Phosphates;Phosphates;COMPOSES ORGANIQUES VOLATILS
3213;Phosphates gazeux;Phosphates;COMPOSES ORGANIQUES VOLATILS
3214;Phosphates particulaires solubles;Phosphates;COMPOSES ORGANIQUES VOLATILS
0COVPHT;Phtalates;Phtalates;COMPOSES ORGANIQUES VOLATILS
3344;Diisodecyl phthalate (DIDP);Phtalates;COMPOSES ORGANIQUES VOLATILS
1092;Phtalate de benzyle et de butyle;Phtalates;COMPOSES ORGANIQUES VOLATILS
189;Phtalate de bis(2-éthylhexyle);Phtalates;COMPOSES ORGANIQUES VOLATILS
3314;Phtalate de di n-octyle;Phtalates;COMPOSES ORGANIQUES VOLATILS
1740;Phtalate de diallyle;Phtalates;COMPOSES ORGANIQUES VOLATILS
188;Phtalate de dibutyle;Phtalates;COMPOSES ORGANIQUES VOLATILS
979;Phtalate de dicyclohexyle;Phtalates;COMPOSES ORGANIQUES VOLATILS
3340;Phtalate de diisononyle;Phtalates;COMPOSES ORGANIQUES VOLATILS
1164;Phtalate de diméthyle;Phtalates;COMPOSES ORGANIQUES VOLATILS
1121;Phtalate de diéthyle;Phtalates;COMPOSES ORGANIQUES VOLATILS
2542;Polyéthylèneterephtalate;Phtalates;COMPOSES ORGANIQUES VOLATILS
0COVPHE;Phénols;Phénols;COMPOSES ORGANIQUES VOLATILS
123;2,4-Dinitrophénol;Phénols;COMPOSES ORGANIQUES VOLATILS
284;2,6-di-tert-butyl-p-crésol;Phénols;COMPOSES ORGANIQUES VOLATILS
738;6-Chloro-m-cresol;Phénols;COMPOSES ORGANIQUES VOLATILS
403;Biphényle-2-ol;Phénols;COMPOSES ORGANIQUES VOLATILS
12;Chlorocrésol;Phénols;COMPOSES ORGANIQUES VOLATILS
96;Crésol;Phénols;COMPOSES ORGANIQUES VOLATILS
1932;Ether diglycidique du bisphénol A;Phénols;COMPOSES ORGANIQUES VOLATILS
140;Hydroquinone;Phénols;COMPOSES ORGANIQUES VOLATILS
180;Pentachlorophénolate de sodium;Phénols;COMPOSES ORGANIQUES VOLATILS
187;Phénol;Phénols;COMPOSES ORGANIQUES VOLATILS
3283;Pyrocatéchol;Phénols;COMPOSES ORGANIQUES VOLATILS
364;Résorcinol;Phénols;COMPOSES ORGANIQUES VOLATILS
720;Xylénol;Phénols;COMPOSES ORGANIQUES VOLATILS
0COVTER;Terpènes;Terpènes;COMPOSES ORGANIQUES VOLATILS
17;Colophane;Terpènes;COMPOSES ORGANIQUES VOLATILS
3354;D-Limonène;Terpènes;COMPOSES ORGANIQUES VOLATILS
681;Dipentène;Terpènes;COMPOSES ORGANIQUES VOLATILS
158;Essence de térébenthine;Terpènes;COMPOSES ORGANIQUES VOLATILS
417;Hydrocarbures terpéniques;Terpènes;COMPOSES ORGANIQUES VOLATILS
3349;L-limonène;Terpènes;COMPOSES ORGANIQUES VOLATILS
3068;Pin-2(10)-ène;Terpènes;COMPOSES ORGANIQUES VOLATILS
3067;Pin-2(3)-ène;Terpènes;COMPOSES ORGANIQUES VOLATILS
0COVTHI;Thiols;Thiols;COMPOSES ORGANIQUES VOLATILS
884;Méthanethiol;Thiols;COMPOSES ORGANIQUES VOLATILS
0FIB;FIBRES;FIBRES;FIBRES
0FIBFIB;Fibres;Fibres;FIBRES
3190;Fibres (L>5um D<3um);Fibres;FIBRES
3191;Fibres (L>5um D>3um);Fibres;FIBRES
3257;Fibres de gypse;Fibres;FIBRES
3256;Fibres de silice;Fibres;FIBRES
3150;Fibres non identifiées par la méthode d'analyse;Fibres;FIBRES
0FIBAMI;Fibres d'amiante;Fibres d'amiante;FIBRES
3254;Actinolite;Fibres d'amiante;FIBRES
110;Amiante;Fibres d'amiante;FIBRES
3329;Amiante META (réservé à SCOLA);Fibres d'amiante;FIBRES
3142;Amosite;Fibres d'amiante;FIBRES
3249;Anthophyllite;Fibres d'amiante;FIBRES
111;Chrysotile;Fibres d'amiante;FIBRES
3141;Crocidolite;Fibres d'amiante;FIBRES
3264;Fibres d'actinolite (L>5µm  D<3µm);Fibres d'amiante;FIBRES
3196;Fibres d'amiante (L>5um 0.2< D <3um);Fibres d'amiante;FIBRES
3226;Fibres d'amiante (L>5um D<3um);Fibres d'amiante;FIBRES
3227;Fibres d'amosite (L>5um D<3um);Fibres d'amiante;FIBRES
3225;Fibres de chrysotile (L>5um D<3um);Fibres d'amiante;FIBRES
3228;Fibres de crocidolite (L>5um D<3um);Fibres d'amiante;FIBRES
3252;Trémolite (amiante);Fibres d'amiante;FIBRES
0FIBCEL;Fibres de cellulose;Fibres de cellulose;FIBRES
3137;Fibres de cellulose;Fibres de cellulose;FIBRES
0FIBCER;Fibres de céramique;Fibres de céramique;FIBRES
3221;Fibres céramiques  réfractaires (L>5um D<3um);Fibres de céramique;FIBRES
3222;Fibres céramiques  réfractaires (L>5um D>3um);Fibres de céramique;FIBRES
3136;Fibres céramiques réfractaires;Fibres de céramique;FIBRES
0FIBROC;Fibres de roche;Fibres de roche;FIBRES
3251;Fibres de roche;Fibres de roche;FIBRES
3250;Fibres de roche (L>5um D<3um);Fibres de roche;FIBRES
0FIBVER;Fibres de verre;Fibres de verre;FIBRES
3135;Fibres de verre;Fibres de verre;FIBRES
3223;Fibres de verre (L>5um D<3um);Fibres de verre;FIBRES
3224;Fibres de verre (L>5um D>3um);Fibres de verre;FIBRES
0FIBMIN;Fibres minérales;Fibres minérales;FIBRES
3268;Fibres d'octatitanate de potassium L> 5µm , D< 3µm;Fibres minérales;FIBRES
3269;"Fibres d'octatitanate de potassium L> 5µm; D> 3µm";Fibres minérales;FIBRES
3237;Fibres de gypse (L>5um D<3um);Fibres minérales;FIBRES
3215;Fibres minérales;Fibres minérales;FIBRES
3218;Fibres minérales (L>5um D<3um);Fibres minérales;FIBRES
3219;Fibres minérales (L>5um D>3um);Fibres minérales;FIBRES
3233;Fibres silicate de calcium (L>5um D<3um);Fibres minérales;FIBRES
0FIBMAR;Fibres minérales artificielles;Fibres minérales artificielles;FIBRES
3253;Fibres minérales artificielles;Fibres minérales artificielles;FIBRES
3260;Fibres minérales artificielles (L>5µm D<3µm);Fibres minérales artificielles;FIBRES
0FIBMET;Fibres métalliques;Fibres métalliques;FIBRES
3238;Fibres métalliques (L>5um D<3um);Fibres métalliques;FIBRES
0FIBORG;Fibres organiques;Fibres organiques;FIBRES
3216;Fibres organiques;Fibres organiques;FIBRES
3259;Fibres organiques (L>5µm D<3µm);Fibres organiques;FIBRES
0PMAA;Particules Minérales Allongées autres que PMA_I;Particules Minérales Allongées autres qu;FIBRES
0PMAI;Particules Minérales Allongées d'intérêt;Particules Minérales Allongées d'intérêt;FIBRES
3355;PMA_I Actinolite;Particules Minérales Allongées d'intérêt;FIBRES
3356;PMA_I Anthophyllite;Particules Minérales Allongées d'intérêt;FIBRES
3363;PMA_I Erionite;Particules Minérales Allongées d'intérêt;FIBRES
3360;PMA_I Fluoroedenite;Particules Minérales Allongées d'intérêt;FIBRES
3358;PMA_I Grunerite;Particules Minérales Allongées d'intérêt;FIBRES
3362;PMA_I Richtérite;Particules Minérales Allongées d'intérêt;FIBRES
3359;PMA_I Riébeckite;Particules Minérales Allongées d'intérêt;FIBRES
3357;PMA_I Trémolite;Particules Minérales Allongées d'intérêt;FIBRES
3361;PMA_I Winchite;Particules Minérales Allongées d'intérêt;FIBRES
0HAL;HALOGENES;HALOGENES;HALOGENES
0HALBr;Dérivés bromés;Dérivés bromés;HALOGENES
468;Brome;Dérivés bromés;HALOGENES
3204;Bromures gazeux;Dérivés bromés;HALOGENES
3205;Bromures particulaires;Dérivés bromés;HALOGENES
0HALCl;Dérivés chlorés;Dérivés chlorés;HALOGENES
473;Chlore;Dérivés chlorés;HALOGENES
3133;Chlorures;Dérivés chlorés;HALOGENES
3195;Chlorures gazeux;Dérivés chlorés;HALOGENES
3194;Chlorures particulaires;Dérivés chlorés;HALOGENES
3199;Dioxyde de chlore;Dérivés chlorés;HALOGENES
3271;Equivalent Cl2;Dérivés chlorés;HALOGENES
3239;Equivalent NCl3;Dérivés chlorés;HALOGENES
3243;Trichlorure d'azote;Dérivés chlorés;HALOGENES
0HALF;Dérivés fluorés;Dérivés fluorés;HALOGENES
803;Fluor;Dérivés fluorés;HALOGENES
3193;Fluorures gazeux;Dérivés fluorés;HALOGENES
3131;Fluorures inorganiques;Dérivés fluorés;HALOGENES
3212;Fluorures insolubles;Dérivés fluorés;HALOGENES
3192;Fluorures particulaires;Dérivés fluorés;HALOGENES
3211;Fluorures solubles;Dérivés fluorés;HALOGENES
0HALI;Dérivés iodés;Dérivés iodés;HALOGENES
1863;Iode;Dérivés iodés;HALOGENES
0ISO;ISOCYANATES;ISOCYANATES;ISOCYANATES
0ISOMON;Monomères;Monomères;ISOCYANATES
148;4,4'-Diisocyanate de diphénylméthane;Monomères;ISOCYANATES
149;Diisocyanate d'hexaméthylène;Monomères;ISOCYANATES
150;Diisocyanate d'isophorone;Monomères;ISOCYANATES
1619;Diisocyanate de 1,5-naphtylène;Monomères;ISOCYANATES
152;Diisocyanate de 2-méthyl-m-phénylène;Monomères;ISOCYANATES
3127;Diisocyanate de 3,3'-diméthylbiphényle-4,4'-diyle;Monomères;ISOCYANATES
695;Diisocyanate de 4,4'-méthylènedicyclohexyle;Monomères;ISOCYANATES
151;Diisocyanate de 4-méthyl-m-phénylène;Monomères;ISOCYANATES
153;Diisocyanate de m-tolylidène;Monomères;ISOCYANATES
1869;Isocyanate aliphatique;Monomères;ISOCYANATES
3030;Isocyanate aromatique;Monomères;ISOCYANATES
3327;Isocyanate de méthyle;Monomères;ISOCYANATES
676;Isocyanate de p-toluenesulfonyle;Monomères;ISOCYANATES
1344;Isocyanurate de triglycidyle;Monomères;ISOCYANATES
3074;Isothiocyanate d'allyle;Monomères;ISOCYANATES
741;Triisocyanate de méthylidynetri-p-phénylène;Monomères;ISOCYANATES
0ISOPRE;PREPOLYMERES;Prépolymères;ISOCYANATES
3006;Copolymère acrylique - vinylchlorure;Prépolymères;ISOCYANATES
3007;Copolymère acrylique - vinylidènechlorure;Prépolymères;ISOCYANATES
327;Polyisocyanate;Prépolymères;ISOCYANATES
3060;Polyisocyanate de type Desmodur HL;Prépolymères;ISOCYANATES
3059;Polyisocyanate de type Desmodur L;Prépolymères;ISOCYANATES
3058;Polyisocyanate de type Desmodur N3390;Prépolymères;ISOCYANATES
3057;Polyisocyanate type Desmodur N75;Prépolymères;ISOCYANATES
742;Thiophosphate de tris(p-isocyanatophényle);Prépolymères;ISOCYANATES
0MET;METAUX DE TRANSITION, METAUX VRAIS ET SEMI-METAUX;METAUX DE TRANSITION, METAUX;METAUX DE TRANSITION, METAUX
0METAl;Aluminium;Aluminium;METAUX DE TRANSITION, METAUX
71;Aluminium;Aluminium;METAUX DE TRANSITION, METAUX
3209;Aluminium insoluble;Aluminium;METAUX DE TRANSITION, METAUX
3208;Aluminium soluble;Aluminium;METAUX DE TRANSITION, METAUX
980;Oxyde d'aluminium;Aluminium;METAUX DE TRANSITION, METAUX
0METSb;Antimoine;Antimoine;METAUX DE TRANSITION, METAUX
522;Antimoine;Antimoine;METAUX DE TRANSITION, METAUX
1899;Trihydrure d'antimoine;Antimoine;METAUX DE TRANSITION, METAUX
0METAg;Argent;Argent;METAUX DE TRANSITION, METAUX
3341;Argent (composés solubles en Ag);Argent;METAUX DE TRANSITION, METAUX
929;Argent métallique;Argent;METAUX DE TRANSITION, METAUX
0METAs;Arsenic;Arsenic;METAUX DE TRANSITION, METAUX
881;Arsenic;Arsenic;METAUX DE TRANSITION, METAUX
490;Hydrogène arsénié;Arsenic;METAUX DE TRANSITION, METAUX
463;Trioxyde de diarsenic;Arsenic;METAUX DE TRANSITION, METAUX
0METBi;Bismuth;Bismuth;METAUX DE TRANSITION, METAUX
932;Bismuth;Bismuth;METAUX DE TRANSITION, METAUX
0METB;Bore;Bore;METAUX DE TRANSITION, METAUX
3161;Bore;Bore;METAUX DE TRANSITION, METAUX
0METCd;Cadmium;Cadmium;METAUX DE TRANSITION, METAUX
545;Cadmium;Cadmium;METAUX DE TRANSITION, METAUX
472;Oxyde de cadmium;Cadmium;METAUX DE TRANSITION, METAUX
0METCr;Chrome;Chrome;METAUX DE TRANSITION, METAUX
3156;Chrome (métal, composés de chrome inorganiques (II) et composés de chrome inorganiques (insolubles) (III));Chrome;METAUX DE TRANSITION, METAUX
3181;Chrome soluble;Chrome;METAUX DE TRANSITION, METAUX
3345;Chrome total;Chrome;METAUX DE TRANSITION, METAUX
3157;Chrome VI et ses composés;Chrome;METAUX DE TRANSITION, METAUX
3207;Chrome VI insoluble;Chrome;METAUX DE TRANSITION, METAUX
3158;Chrome VI soluble;Chrome;METAUX DE TRANSITION, METAUX
83;Dichromate de sodium;Chrome;METAUX DE TRANSITION, METAUX
0METCo;Cobalt;Cobalt;METAUX DE TRANSITION, METAUX
479;Cobalt;Cobalt;METAUX DE TRANSITION, METAUX
0METCu;Cuivre;Cuivre;METAUX DE TRANSITION, METAUX
930;Cuivre;Cuivre;METAUX DE TRANSITION, METAUX
3325;Cuivre soluble;Cuivre;METAUX DE TRANSITION, METAUX
0METSn;Etain;Etain;METAUX DE TRANSITION, METAUX
204;Etain;Etain;METAUX DE TRANSITION, METAUX
2457;Oxyde de dibutyletain;Etain;METAUX DE TRANSITION, METAUX
0METFe;Fer;Fer;METAUX DE TRANSITION, METAUX
931;Fer;Fer;METAUX DE TRANSITION, METAUX
335;Fer (trioxyde de di-,fumées), en Fe;Fer;METAUX DE TRANSITION, METAUX
3232;Fer soluble;Fer;METAUX DE TRANSITION, METAUX
390;Oxyde de fer;Fer;METAUX DE TRANSITION, METAUX
0METGa;Gallium;Gallium;METAUX DE TRANSITION, METAUX
3166;Gallium;Gallium;METAUX DE TRANSITION, METAUX
0METHf;Hafnium;Hafnium;METAUX DE TRANSITION, METAUX
3173;Hafnium;Hafnium;METAUX DE TRANSITION, METAUX
0METIn;Indium;Indium;METAUX DE TRANSITION, METAUX
3220;Indium;Indium;METAUX DE TRANSITION, METAUX
0METIr;Iridium;Iridium;METAUX DE TRANSITION, METAUX
3282;Iridium;Iridium;METAUX DE TRANSITION, METAUX
0METMn;Manganese;Manganese;METAUX DE TRANSITION, METAUX
113;Dioxyde de manganèse;Manganese;METAUX DE TRANSITION, METAUX
3180;Manganèse;Manganese;METAUX DE TRANSITION, METAUX
0METHg;Mercure;Mercure;METAUX DE TRANSITION, METAUX
495;Mercure;Mercure;METAUX DE TRANSITION, METAUX
3343;Mercure et composés inorganiques bivalents du mercure, y compris l'oxyde de mercure et le chlorure mercurique;Mercure;METAUX DE TRANSITION, METAUX
0METMo;Molybdene;Molybdene;METAUX DE TRANSITION, METAUX
3170;Molybdène;Molybdene;METAUX DE TRANSITION, METAUX
3326;Molybdène soluble;Molybdene;METAUX DE TRANSITION, METAUX
0METNi;Nickel;Nickel;METAUX DE TRANSITION, METAUX
497;Nickel;Nickel;METAUX DE TRANSITION, METAUX
3165;Nickel soluble;Nickel;METAUX DE TRANSITION, METAUX
0METNb;Niobium;Niobium;METAUX DE TRANSITION, METAUX
3169;Niobium;Niobium;METAUX DE TRANSITION, METAUX
0METAu;Or;Or;METAUX DE TRANSITION, METAUX
933;Or;Or;METAUX DE TRANSITION, METAUX
0METOs;Osmium;Osmium;METAUX DE TRANSITION, METAUX
777;Tétraoxyde d'osmium;Osmium;METAUX DE TRANSITION, METAUX
0METPd;Palladium;Palladium;METAUX DE TRANSITION, METAUX
3171;Palladium;Palladium;METAUX DE TRANSITION, METAUX
0METPHO;Métaux Transition phosphore;Phosphore;METAUX DE TRANSITION, METAUX
3311;Pentaoxyde de disphosphore;Phosphore;METAUX DE TRANSITION, METAUX
3332;Pentasulfure de disphosphore;Phosphore;METAUX DE TRANSITION, METAUX
3281;Phosphine;Phosphore;METAUX DE TRANSITION, METAUX
3231;Phosphore;Phosphore;METAUX DE TRANSITION, METAUX
491;Utiliser le code 003281;Phosphore;METAUX DE TRANSITION, METAUX
0METPt;Platine;Platine;METAUX DE TRANSITION, METAUX
2531;Platine;Platine;METAUX DE TRANSITION, METAUX
0METPb;Plomb;Plomb;METAUX DE TRANSITION, METAUX
567;Chromate de plomb;Plomb;METAUX DE TRANSITION, METAUX
550;Diiodure de plomb;Plomb;METAUX DE TRANSITION, METAUX
508;Plomb;Plomb;METAUX DE TRANSITION, METAUX
3177;Plomb soluble;Plomb;METAUX DE TRANSITION, METAUX
0METRh;Rhodium;Rhodium;METAUX DE TRANSITION, METAUX
3324;Rhodium;Rhodium;METAUX DE TRANSITION, METAUX
2677;Trisulfate de dirhodium;Rhodium;METAUX DE TRANSITION, METAUX
0METSe;Selenium;Selenium;METAUX DE TRANSITION, METAUX
512;Sélénium;Selenium;METAUX DE TRANSITION, METAUX
0METSIL;Silicium;Silicium;METAUX DE TRANSITION, METAUX
3140;Cristobalite;Silicium;METAUX DE TRANSITION, METAUX
274;Dioxyde de silicium;Silicium;METAUX DE TRANSITION, METAUX
3154;Quartz;Silicium;METAUX DE TRANSITION, METAUX
3162;Silicium;Silicium;METAUX DE TRANSITION, METAUX
3153;Tridymite;Silicium;METAUX DE TRANSITION, METAUX
0METTa;Tantale;Tantale;METAUX DE TRANSITION, METAUX
3175;Tantale;Tantale;METAUX DE TRANSITION, METAUX
0METTe;Tellure;Tellure;METAUX DE TRANSITION, METAUX
3172;Tellure;Tellure;METAUX DE TRANSITION, METAUX
0METTl;Thallium;Thallium;METAUX DE TRANSITION, METAUX
1659;Thallium;Thallium;METAUX DE TRANSITION, METAUX
0METTi;Titane;Titane;METAUX DE TRANSITION, METAUX
224;Dioxyde de titane;Titane;METAUX DE TRANSITION, METAUX
3164;Titane;Titane;METAUX DE TRANSITION, METAUX
3210;Titane soluble;Titane;METAUX DE TRANSITION, METAUX
0METW;Tungstène;Tungstène;METAUX DE TRANSITION, METAUX
3176;Tungstène;Tungstène;METAUX DE TRANSITION, METAUX
0METV;Vanadium;Vanadium;METAUX DE TRANSITION, METAUX
1118;Vanadium;Vanadium;METAUX DE TRANSITION, METAUX
0METY;Yttrium;Yttrium;METAUX DE TRANSITION, METAUX
3168;Yttrium;Yttrium;METAUX DE TRANSITION, METAUX
0METZn;Zinc;Zinc;METAUX DE TRANSITION, METAUX
237;Chlorure de zinc;Zinc;METAUX DE TRANSITION, METAUX
956;Dithiophosphate de zinc;Zinc;METAUX DE TRANSITION, METAUX
236;Oxyde de zinc;Zinc;METAUX DE TRANSITION, METAUX
402;Zinc;Zinc;METAUX DE TRANSITION, METAUX
3160;Zinc insoluble;Zinc;METAUX DE TRANSITION, METAUX
3159;Zinc soluble;Zinc;METAUX DE TRANSITION, METAUX
0METZr;Zirconium;Zirconium;METAUX DE TRANSITION, METAUX
2219;Dioxyde de zirconium;Zirconium;METAUX DE TRANSITION, METAUX
1911;Zirconium;Zirconium;METAUX DE TRANSITION, METAUX
0XXX;NON CLASSIFIE;NON CLASSIFIE;NON CLASSIFIE
0XXXXXX;Non classifié;Non classifié;NON CLASSIFIE
0BPDT02;(1-3)-béta-D-Glucanes;Non classifié;NON CLASSIFIE
1937;1,1-Diméthoxyéthane;Non classifié;NON CLASSIFIE
1228;1,2-Benzisothiazole-3(2H)-one;Non classifié;NON CLASSIFIE
214;1,4-bis(2,3-époxypropoxy)butane;Non classifié;NON CLASSIFIE
639;1-Naphtol;Non classifié;NON CLASSIFIE
1007;2,2'-[Ethylènebis(oxyméthylène)]bisoxiranne;Non classifié;NON CLASSIFIE
1936;2,4,6-Triméthyl-1,3,5-trioxanne;Non classifié;NON CLASSIFIE
243;2,4,6-tris(diméthylaminométhyl)phénol;Non classifié;NON CLASSIFIE
1876;2-(2-(2-Butoxyéthoxy)éthoxyéthanol;Non classifié;NON CLASSIFIE
1878;2-(2-(2-Méthoxyéthoxy)éthoxy)éthanol;Non classifié;NON CLASSIFIE
1051;2-Amino-4,6-dinitrophénol;Non classifié;NON CLASSIFIE
1264;2-Aminophénol;Non classifié;NON CLASSIFIE
1575;2-Chlorobuta-1,3-diène;Non classifié;NON CLASSIFIE
642;2-Chlorotoluène;Non classifié;NON CLASSIFIE
673;2-Chloroéthanol;Non classifié;NON CLASSIFIE
755;2-Mercaptopropionate d'ammonium;Non classifié;NON CLASSIFIE
3351;2-Méthyl-2H-isothiazolin-3-one;Non classifié;NON CLASSIFIE
1411;2-Méthylnonane;Non classifié;NON CLASSIFIE
1067;2-Phényléthanol;Non classifié;NON CLASSIFIE
1236;4,4'-Diamino-3,3'-diméthyldicyclohexylme;Non classifié;NON CLASSIFIE
665;4-Tert-butylpyrocatéchol;Non classifié;NON CLASSIFIE
967;5-Chloro-2-méthyl-2H-isothiazole-3-one;Non classifié;NON CLASSIFIE
1678;6-Méthylbenzotriazole;Non classifié;NON CLASSIFIE
3117;Acide benzoïque;Non classifié;NON CLASSIFIE
389;Acide benzènesulfonique;Non classifié;NON CLASSIFIE
1758;Acide butyrique;Non classifié;NON CLASSIFIE
760;Acide citrique;Non classifié;NON CLASSIFIE
2678;Acide glyoxylique;Non classifié;NON CLASSIFIE
3051;Acide gras;Non classifié;NON CLASSIFIE
870;Acide lactique;Non classifié;NON CLASSIFIE
731;Acide mercaptoacétique;Non classifié;NON CLASSIFIE
1687;Acide nicotinique;Non classifié;NON CLASSIFIE
1882;Acide oléique, monoester avec glycérol;Non classifié;NON CLASSIFIE
1891;Acide p-tert-butylbenzoïque, composé avec 2,2',2'';Non classifié;NON CLASSIFIE
2797;Acide phtalique;Non classifié;NON CLASSIFIE
2362;Acide silicique, sel d'aluminium et de magnésium;Non classifié;NON CLASSIFIE
2382;Acide silicique, sel d'aluminium et de sodium;Non classifié;NON CLASSIFIE
279;Acide silicique, sel de calcium;Non classifié;NON CLASSIFIE
894;Acide silicique, sel de magnésium;Non classifié;NON CLASSIFIE
2235;Acide silicique, sel de potassium;Non classifié;NON CLASSIFIE
244;Acide silicique, sel de sodium;Non classifié;NON CLASSIFIE
388;Acide toluène-4-sulfonique;Non classifié;NON CLASSIFIE
1846;Acide téréphtalique;Non classifié;NON CLASSIFIE
362;Acide édétique;Non classifié;NON CLASSIFIE
305;Acides naphténiques, sels de cobalt;Non classifié;NON CLASSIFIE
1042;Acrylate d'isobutyle;Non classifié;NON CLASSIFIE
1037;Acrylate de cyclohexyle;Non classifié;NON CLASSIFIE
357;Acétate de 2-hydroxyéthyle;Non classifié;NON CLASSIFIE
454;Acétate de cellulose;Non classifié;NON CLASSIFIE
693;Acétate de potassium;Non classifié;NON CLASSIFIE
455;Acétobutyrate de cellulose;Non classifié;NON CLASSIFIE
7;Agent détergent cationique;Non classifié;NON CLASSIFIE
1906;Alcanes, chloro;Non classifié;NON CLASSIFIE
3044;Alcool gras oxyéthylène;Non classifié;NON CLASSIFIE
771;Alcool tétrahydrofurfurylique;Non classifié;NON CLASSIFIE
3040;Alkyl phénol oxyéthylène;Non classifié;NON CLASSIFIE
3035;Alkyl sulfate alcalin;Non classifié;NON CLASSIFIE
891;Alkylarylsulfonate de sodium;Non classifié;NON CLASSIFIE
377;Alkylbenzènesulfonate de sodium;Non classifié;NON CLASSIFIE
678;Alkylsulfonate de sodium;Non classifié;NON CLASSIFIE
248;Aluminosilicate;Non classifié;NON CLASSIFIE
3038;Amide d'acide gras et d'éthanolamine;Non classifié;NON CLASSIFIE
208;Amidon;Non classifié;NON CLASSIFIE
1950;Anhydride chlorendique;Non classifié;NON CLASSIFIE
1056;Anhydride succinique;Non classifié;NON CLASSIFIE
774;Aziridine;Non classifié;NON CLASSIFIE
2786;Azélate de bis(2-éthylhexyle);Non classifié;NON CLASSIFIE
0BCULT1;Bactéries cultivables mésophiles;Non classifié;NON CLASSIFIE
0BCULT2;Bactéries cultivables thermophiles;Non classifié;NON CLASSIFIE
0BCULT3;Bactéries cultivables à 25°C;Non classifié;NON CLASSIFIE
0BCULT4;Bactéries cultivables à 56°C;Non classifié;NON CLASSIFIE
0BTOT01;Bactéries totales par épifluorescence;Non classifié;NON CLASSIFIE
78;Benzidine;Non classifié;NON CLASSIFIE
1069;Benzoate de benzyle;Non classifié;NON CLASSIFIE
1836;Benzofuranne;Non classifié;NON CLASSIFIE
989;Benzothiazole-2-thiol;Non classifié;NON CLASSIFIE
282;Benzotriazole;Non classifié;NON CLASSIFIE
1889;Bis(dibutyldithiocarbamate) de zinc;Non classifié;NON CLASSIFIE
306;Bis(diéthyldithiocarbamate) de zinc;Non classifié;NON CLASSIFIE
3331;Bisphénol A;Non classifié;NON CLASSIFIE
1062;Bisphénol A (poussières inhalables);Non classifié;NON CLASSIFIE
3014;Bitume;Non classifié;NON CLASSIFIE
964;Bleu de phtalocyanine;Non classifié;NON CLASSIFIE
245;Brai de houille;Non classifié;NON CLASSIFIE
3015;Brai de pétrole;Non classifié;NON CLASSIFIE
469;Bromoforme;Non classifié;NON CLASSIFIE
88;Butylamine;Non classifié;NON CLASSIFIE
1045;Butyraldéhyde;Non classifié;NON CLASSIFIE
926;C,C'-azodi(formamide);Non classifié;NON CLASSIFIE
1387;Caféine;Non classifié;NON CLASSIFIE
1116;Camphre;Non classifié;NON CLASSIFIE
298;Caoutchouc;Non classifié;NON CLASSIFIE
453;Caoutchouc naturel;Non classifié;NON CLASSIFIE
452;Caoutchouc nitrile;Non classifié;NON CLASSIFIE
451;Caoutchouc styrène - butadiène;Non classifié;NON CLASSIFIE
216;Caoutchouc synthétique;Non classifié;NON CLASSIFIE
234;Carbonate de magnésium;Non classifié;NON CLASSIFIE
241;Carbonate de potassium;Non classifié;NON CLASSIFIE
1325;Carbonate de propylène;Non classifié;NON CLASSIFIE
2328;Carbure de silicium;Non classifié;NON CLASSIFIE
958;Cellulose;Non classifié;NON CLASSIFIE
1526;Chlorate de sodium;Non classifié;NON CLASSIFIE
3071;Chloroacétate de méthyle;Non classifié;NON CLASSIFIE
375;Chlorure de benzododécinium;Non classifié;NON CLASSIFIE
1089;Chlorure de calcium;Non classifié;NON CLASSIFIE
927;Chlorure de didécyldiméthylammonium;Non classifié;NON CLASSIFIE
3018;Chlorure de polyvinyle chloré;Non classifié;NON CLASSIFIE
261;Chlorure de potassium;Non classifié;NON CLASSIFIE
2533;Chlorure de tributylétain;Non classifié;NON CLASSIFIE
655;Chromate de sodium;Non classifié;NON CLASSIFIE
1347;Chromate de strontium;Non classifié;NON CLASSIFIE
240;Chromate de zinc;Non classifié;NON CLASSIFIE
1083;Chrome (III) oxyde;Non classifié;NON CLASSIFIE
2198;CI pigment red 112;Non classifié;NON CLASSIFIE
2191;CI pigment red 2;Non classifié;NON CLASSIFIE
1082;CI pigment red 57:1;Non classifié;NON CLASSIFIE
1081;CI Pigment yellow 13;Non classifié;NON CLASSIFIE
1384;Cire de carnauba;Non classifié;NON CLASSIFIE
1771;Cire tirée du lignite par extraction;Non classifié;NON CLASSIFIE
1250;Cires de paraffine et cires d'hydrocarbures;Non classifié;NON CLASSIFIE
2034;Composé organique du mercure;Non classifié;NON CLASSIFIE
3001;Copolymère acrylique;Non classifié;NON CLASSIFIE
3002;Copolymère acrylique - butadiène;Non classifié;NON CLASSIFIE
3003;Copolymère acrylique - méthylstyrène;Non classifié;NON CLASSIFIE
3004;Copolymère acrylique - styrène;Non classifié;NON CLASSIFIE
3005;Copolymère acrylique - styrène - vinylchlorure;Non classifié;NON CLASSIFIE
448;Copolymère acrylonitrile - butadiène - styrène;Non classifié;NON CLASSIFIE
3008;Copolymère butadiène - vinyltoluène;Non classifié;NON CLASSIFIE
447;Copolymère chlorure de vinyle/acétate;Non classifié;NON CLASSIFIE
3011;Copolymère divers;Non classifié;NON CLASSIFIE
444;Copolymère styrène - butadiène - styrène;Non classifié;NON CLASSIFIE
445;Copolymère styrène - isoprène - styrène;Non classifié;NON CLASSIFIE
3010;Copolymère vinylchlorure - vinylidènechlorure;Non classifié;NON CLASSIFIE
449;Copolymère à base d'acrylonitrile;Non classifié;NON CLASSIFIE
446;Copolymère éthylène - acétate de vinyle;Non classifié;NON CLASSIFIE
3009;Copolymère éthylène - vinylacétate - vinylchlorure;Non classifié;NON CLASSIFIE
262;Cyanoguanidine;Non classifié;NON CLASSIFIE
482;Cyanure de potassium;Non classifié;NON CLASSIFIE
606;Cyperméthrine cis/trans +/- 40/60;Non classifié;NON CLASSIFIE
3061;Desmodur IL;Non classifié;NON CLASSIFIE
1304;Di(acétate) de dibutylétain;Non classifié;NON CLASSIFIE
1110;Diacrylate d'hexaméthylène;Non classifié;NON CLASSIFIE
1614;Diacrylate de  tripropylène glycol;Non classifié;NON CLASSIFIE
2046;Diamant;Non classifié;NON CLASSIFIE
1134;Dibenzofuranne;Non classifié;NON CLASSIFIE
2029;Dibutylamine;Non classifié;NON CLASSIFIE
1997;Dichloroaniline;Non classifié;NON CLASSIFIE
887;Dieldrine;Non classifié;NON CLASSIFIE
1012;Diméthacrylate d'éthylène;Non classifié;NON CLASSIFIE
1353;Dioxyde de cérium;Non classifié;NON CLASSIFIE
2008;Diphénylamine;Non classifié;NON CLASSIFIE
684;Distéarate de magnésium;Non classifié;NON CLASSIFIE
372;Distéarate de zinc;Non classifié;NON CLASSIFIE
911;Disulfure de di(benzothiazole-2-yle);Non classifié;NON CLASSIFIE
268;Disulfure de molybdène;Non classifié;NON CLASSIFIE
356;Dodecylbenzènesulfonate de triéthanolamine;Non classifié;NON CLASSIFIE
2041;Dodécane-1-ol;Non classifié;NON CLASSIFIE
1209;Dodécylbenzènesulfonate de sodium;Non classifié;NON CLASSIFIE
290;Dolomite;Non classifié;NON CLASSIFIE
310;Dérivé de la colophane;Non classifié;NON CLASSIFIE
18;Eau;Non classifié;NON CLASSIFIE
183;Eau oxygénée;Non classifié;NON CLASSIFIE
0BTOX01;Endotoxines;Non classifié;NON CLASSIFIE
912;Enzyme protéolytique;Non classifié;NON CLASSIFIE
0BPDT01;Ergostérol;Non classifié;NON CLASSIFIE
1306;Essence de lavandin abrialis;Non classifié;NON CLASSIFIE
3037;Ester d'acide gras et de polyol;Non classifié;NON CLASSIFIE
3039;Ester d'acide gras oxyéthylène;Non classifié;NON CLASSIFIE
3115;Esters méthyliques d'acides gras;Non classifié;NON CLASSIFIE
273;Ethylènediaminetétraacétate de tétrasodium;Non classifié;NON CLASSIFIE
1588;Formiate d'éthyle;Non classifié;NON CLASSIFIE
222;Fuel-oil;Non classifié;NON CLASSIFIE
354;Glycerol;Non classifié;NON CLASSIFIE
319;Gomme arabique;Non classifié;NON CLASSIFIE
2043;Heptanal;Non classifié;NON CLASSIFIE
1000;Hexadécane-1-ol;Non classifié;NON CLASSIFIE
1168;Hexafluoroaluminate de trisodium;Non classifié;NON CLASSIFIE
1909;Hexafluorosilicate de dipotassium;Non classifié;NON CLASSIFIE
1169;Hexafluorosilicate de disodium;Non classifié;NON CLASSIFIE
2373;Hexafluorosilicate métallique;Non classifié;NON CLASSIFIE
1283;Huile de colza;Non classifié;NON CLASSIFIE
1179;Huile de lin;Non classifié;NON CLASSIFIE
1383;Huile de lin polymérisée;Non classifié;NON CLASSIFIE
1173;Huile de pin;Non classifié;NON CLASSIFIE
1197;Huile de ricin;Non classifié;NON CLASSIFIE
1245;Huile de soja époxydée;Non classifié;NON CLASSIFIE
1905;Huiles de paraffine;Non classifié;NON CLASSIFIE
3012;Huiles végétales;Non classifié;NON CLASSIFIE
3013;Hydrate de carbone;Non classifié;NON CLASSIFIE
343;Hydrogénocarbonate de sodium;Non classifié;NON CLASSIFIE
660;Hydroxyde d'aluminium;Non classifié;NON CLASSIFIE
2403;Hydroxyde de magnésium;Non classifié;NON CLASSIFIE
3206;Hydroxydes totaux;Non classifié;NON CLASSIFIE
1858;Imidazole;Non classifié;NON CLASSIFIE
1242;Iodure de potassium;Non classifié;NON CLASSIFIE
831;Jaune de sulfochromate de plomb;Non classifié;NON CLASSIFIE
3042;Jaune de zinc;Non classifié;NON CLASSIFIE
1028;Kaolin;Non classifié;NON CLASSIFIE
1393;Lactate de méthyle;Non classifié;NON CLASSIFIE
1027;Lanoline;Non classifié;NON CLASSIFIE
14;Lauryléthersulfate de sodium;Non classifié;NON CLASSIFIE
3089;Lycopode;Non classifié;NON CLASSIFIE
99;M-crésol;Non classifié;NON CLASSIFIE
1816;Magnétite;Non classifié;NON CLASSIFIE
1175;Menthol;Non classifié;NON CLASSIFIE
754;Mercaptoacétate d'ammonium;Non classifié;NON CLASSIFIE
867;Mica;Non classifié;NON CLASSIFIE
0MCULT1;Moisissures cultivables mésophiles;Non classifié;NON CLASSIFIE
0MCULT2;Moisissures cultivables thermophiles;Non classifié;NON CLASSIFIE
0MCULT3;Moisissures cultivables à 25°C;Non classifié;NON CLASSIFIE
0MCULT4;Moisissures cultivables à 47°C;Non classifié;NON CLASSIFIE
212;Métasilicate de disodium;Non classifié;NON CLASSIFIE
1965;Méthacrylate de 2-diméthylaminoéthyle;Non classifié;NON CLASSIFIE
1273;N,N-bis(2-hydroxyéthyl)oleamide;Non classifié;NON CLASSIFIE
3073;N,N-Diméthyl-p-toluidine;Non classifié;NON CLASSIFIE
1666;n-1,3-Diméthylbutyl-N'-phényl-p-phénylènediamine;Non classifié;NON CLASSIFIE
256;N-1-Naphtylaniline;Non classifié;NON CLASSIFIE
3289;Nano : D1n diamètre médian en nombre;Non classifié;NON CLASSIFIE
3291;Nano : D1v diamètre médian en volume;Non classifié;NON CLASSIFIE
3293;Nano : D2n diamètre médian en nombre;Non classifié;NON CLASSIFIE
3295;Nano : D2v diamètre médian en volume;Non classifié;NON CLASSIFIE
3287;Nano : DMPP diamètre moyen particules primaires;Non classifié;NON CLASSIFIE
3290;Nano : E1n écart type en nombre;Non classifié;NON CLASSIFIE
3292;Nano : E1v écart type en volume;Non classifié;NON CLASSIFIE
3294;Nano : E2n écart type en nombre;Non classifié;NON CLASSIFIE
3296;Nano : E2v écart type en volume;Non classifié;NON CLASSIFIE
3288;Nano : ETDPP écart type particules primaires;Non classifié;NON CLASSIFIE
3297;Nano : Kn coeff. de proportionalité en nombre;Non classifié;NON CLASSIFIE
3298;Nano : Kv coeff. de proportionalité en volume;Non classifié;NON CLASSIFIE
747;Nitrate d'ammonium;Non classifié;NON CLASSIFIE
351;Nitrate de cellulose;Non classifié;NON CLASSIFIE
263;Nitrate de potassium;Non classifié;NON CLASSIFIE
264;Nitrate de sodium;Non classifié;NON CLASSIFIE
805;Nitrite de dicyclohexylammonium;Non classifié;NON CLASSIFIE
379;Nonylphénol;Non classifié;NON CLASSIFIE
999;Oxyde d'antimoine;Non classifié;NON CLASSIFIE
1844;Oxyde de calcium;Non classifié;NON CLASSIFIE
1784;Oxyde de cuivre;Non classifié;NON CLASSIFIE
2634;Oxyde de dicuivre;Non classifié;NON CLASSIFIE
2264;Oxyde de fer;Non classifié;NON CLASSIFIE
1018;Oxyde de fer (III) hydraté;Non classifié;NON CLASSIFIE
1663;Oxyde de glycidyle et de tolyle;Non classifié;NON CLASSIFIE
1355;Oxyde de lanthane;Non classifié;NON CLASSIFIE
270;Oxyde de magnésium;Non classifié;NON CLASSIFIE
1356;Oxyde de néodyme;Non classifié;NON CLASSIFIE
271;Oxydipropanol;Non classifié;NON CLASSIFIE
100;P-cresol;Non classifié;NON CLASSIFIE
917;Palmitate d'isopropyle;Non classifié;NON CLASSIFIE
345;Paraformaldéhyde;Non classifié;NON CLASSIFIE
179;Pentachlorophénol;Non classifié;NON CLASSIFIE
3319;Pentachlorure de phosphore;Non classifié;NON CLASSIFIE
2421;Pentane-3-ol;Non classifié;NON CLASSIFIE
1401;Pentane-3-one;Non classifié;NON CLASSIFIE
925;Pentaoxyde de divanadium;Non classifié;NON CLASSIFIE
966;Permanganate de potassium;Non classifié;NON CLASSIFIE
2286;Peroxodisulfate de diammonium;Non classifié;NON CLASSIFIE
366;Peroxodisulfate de dipotassium;Non classifié;NON CLASSIFIE
182;Peroxyde de dibenzoyle;Non classifié;NON CLASSIFIE
949;Peroxyde de dicumyle;Non classifié;NON CLASSIFIE
519;Persulfate alcalin;Non classifié;NON CLASSIFIE
506;Phosphore blanc;Non classifié;NON CLASSIFIE
960;Phtalocyanine contenant du cuivre, polychloro;Non classifié;NON CLASSIFIE
3025;Polyacide;Non classifié;NON CLASSIFIE
1790;Polyacrylamide;Non classifié;NON CLASSIFIE
2404;Polyacrylate de butyle;Non classifié;NON CLASSIFIE
1199;Polyacrylate de sodium;Non classifié;NON CLASSIFIE
3023;Polyacrylate ester;Non classifié;NON CLASSIFIE
350;Polyacétate de vinyle;Non classifié;NON CLASSIFIE
3116;Polyalkylbenzènes;Non classifié;NON CLASSIFIE
242;Polyamide;Non classifié;NON CLASSIFIE
3028;Polyamido-amine;Non classifié;NON CLASSIFIE
3027;Polyamine;Non classifié;NON CLASSIFIE
3017;Polybutadiène;Non classifié;NON CLASSIFIE
441;Polybutyral de vinyle;Non classifié;NON CLASSIFIE
2546;Polycarbonate;Non classifié;NON CLASSIFIE
385;Polychlorure de vinyle;Non classifié;NON CLASSIFIE
440;Polyester insaturé;Non classifié;NON CLASSIFIE
3029;Polyesterimide (polyester modifié);Non classifié;NON CLASSIFIE
3019;Polyhydrocarbures halogénés (divers);Non classifié;NON CLASSIFIE
3020;Polyisophtalate ester;Non classifié;NON CLASSIFIE
3016;Polyisoprène;Non classifié;NON CLASSIFIE
3033;Polymères (divers);Non classifié;NON CLASSIFIE
342;Polyméthacrylate de méthyl;Non classifié;NON CLASSIFIE
3024;Polyméthacrylate ester;Non classifié;NON CLASSIFIE
205;Polyol;Non classifié;NON CLASSIFIE
437;Polyoléfine;Non classifié;NON CLASSIFIE
2545;Polyoxyphenylène;Non classifié;NON CLASSIFIE
436;Polypropylène;Non classifié;NON CLASSIFIE
1100;Polypropylène glycol;Non classifié;NON CLASSIFIE
3032;Polysilicate;Non classifié;NON CLASSIFIE
1196;Polystyrène;Non classifié;NON CLASSIFIE
3021;Polyterephtalate ester;Non classifié;NON CLASSIFIE
287;Polytétrafluoroéthylène;Non classifié;NON CLASSIFIE
3022;Polyvinyle propionate ester;Non classifié;NON CLASSIFIE
3026;Polyéthers (divers);Non classifié;NON CLASSIFIE
438;Polyéthylène;Non classifié;NON CLASSIFIE
281;Polyéthylène glycol;Non classifié;NON CLASSIFIE
2720;Propiconazole;Non classifié;NON CLASSIFIE
1601;Propionate d'isobutyle;Non classifié;NON CLASSIFIE
3342;Pyrèthre (après suppression des lactones sensibilisantes);Non classifié;NON CLASSIFIE
260;Résine acrylique;Non classifié;NON CLASSIFIE
277;Résine alkyde;Non classifié;NON CLASSIFIE
432;Résine cellulosique;Non classifié;NON CLASSIFIE
1857;Résine cétonique;Non classifié;NON CLASSIFIE
97;Résine d'hydrocarbure;Non classifié;NON CLASSIFIE
1156;Résine de pétrole;Non classifié;NON CLASSIFIE
430;Résine fluorée;Non classifié;NON CLASSIFIE
1001;Résine furannique;Non classifié;NON CLASSIFIE
226;Résine glycérophtalique;Non classifié;NON CLASSIFIE
331;Résine mélamine-formol;Non classifié;NON CLASSIFIE
359;Résine phénol-formol;Non classifié;NON CLASSIFIE
253;Résine phénolique;Non classifié;NON CLASSIFIE
349;Résine terpènephénolique;Non classifié;NON CLASSIFIE
429;Résine urée/formol;Non classifié;NON CLASSIFIE
217;Résine vinylique;Non classifié;NON CLASSIFIE
336;Résine époxydique;Non classifié;NON CLASSIFIE
347;Résine époxydique - pm <= 700;Non classifié;NON CLASSIFIE
207;Résine époxydique modifiée;Non classifié;NON CLASSIFIE
1174;Salicylate de phényle;Non classifié;NON CLASSIFIE
3034;Savon d'acide gras;Non classifié;NON CLASSIFIE
1609;Sel de dichlorprop;Non classifié;NON CLASSIFIE
1902;Sel de sodium de la carboxyméthylcellulose;Non classifié;NON CLASSIFIE
1303;Silane;Non classifié;NON CLASSIFIE
3151;Silice amorphe;Non classifié;NON CLASSIFIE
405;Silicone;Non classifié;NON CLASSIFIE
1124;Soufre;Non classifié;NON CLASSIFIE
1903;Stéarate de sodium;Non classifié;NON CLASSIFIE
2086;Sulfamidate d'ammonium;Non classifié;NON CLASSIFIE
228;Sulfate de baryum;Non classifié;NON CLASSIFIE
2646;Sulfate de fer;Non classifié;NON CLASSIFIE
2051;Sulfate de nickel;Non classifié;NON CLASSIFIE
283;Sulfate de potassium;Non classifié;NON CLASSIFIE
210;Sulfate de sodium;Non classifié;NON CLASSIFIE
289;Sulfate de sodium et de dodécyle;Non classifié;NON CLASSIFIE
538;Sulfate de zinc;Non classifié;NON CLASSIFIE
874;Sulfure de zinc;Non classifié;NON CLASSIFIE
1382;Sulfure et sulfate de baryum et de zinc;Non classifié;NON CLASSIFIE
229;Talc;Non classifié;NON CLASSIFIE
3036;Tensio actif anionique (divers);Non classifié;NON CLASSIFIE
3041;Tensio actif oxyéthylène;Non classifié;NON CLASSIFIE
1178;Terpinéol;Non classifié;NON CLASSIFIE
1622;Thiocyanate;Non classifié;NON CLASSIFIE
367;Thiocyanate de potassium;Non classifié;NON CLASSIFIE
717;Thirame;Non classifié;NON CLASSIFIE
854;Thymol;Non classifié;NON CLASSIFIE
1230;Toluène-4-sulfonamide;Non classifié;NON CLASSIFIE
1954;Triacrylate de pentaérythritol;Non classifié;NON CLASSIFIE
1087;Triacrylate de triméthylolpropane;Non classifié;NON CLASSIFIE
1692;Trinitrate de glycérol;Non classifié;NON CLASSIFIE
905;Trioléate de 1,2,3-propanetriyle;Non classifié;NON CLASSIFIE
293;Tétrafluoroborate de potassium;Non classifié;NON CLASSIFIE
1765;Tétrasulfure de bis(pipéridinothiocarbonyle);Non classifié;NON CLASSIFIE
363;Urée;Non classifié;NON CLASSIFIE
3031;Uréthane - isocyanate (adduct);Non classifié;NON CLASSIFIE
104;Utiliser le code 000103;Non classifié;NON CLASSIFIE
2808;Utiliser le code 000224;Non classifié;NON CLASSIFIE
211;Utiliser le code 000257;Non classifié;NON CLASSIFIE
1768;Utiliser le code 000567;Non classifié;NON CLASSIFIE
3052;Utiliser le code 001236;Non classifié;NON CLASSIFIE
3070;Utiliser le code 001905;Non classifié;NON CLASSIFIE
507;Utiliser le code 900107;Non classifié;NON CLASSIFIE
1026;Vaseline;Non classifié;NON CLASSIFIE
1871;Zircon;Non classifié;NON CLASSIFIE
0POU;POUSSIERES;POUSSIERES;POUSSIERES
0POUPOU;Poussières;Poussières;POUSSIERES
3143;Granulométrie;Poussières;POUSSIERES
3138;Granulométrie : diamètre médian nombre;Poussières;POUSSIERES
3236;Granulométrie : écart type géométrique;Poussières;POUSSIERES
3139;Granulométrie: diamètre médian volume;Poussières;POUSSIERES
3240;Poussières;Poussières;POUSSIERES
0POUALV;Poussières alvéolaires;Poussières alvéolaires;POUSSIERES
3145;Poussières alvéolaires;Poussières alvéolaires;POUSSIERES
3304;Poussières alvéolaires sans effet spécifique;Poussières alvéolaires;POUSSIERES
0POUBOI;Poussières de bois;Poussières de bois;POUSSIERES
3148;Bois (poussières de);Poussières de bois;POUSSIERES
0POUINH;Poussières inhalables;Poussières inhalables;POUSSIERES
3276;Aérosol inhalable de fluides d'usinage;Poussières inhalables;POUSSIERES
3350;Fumées de soudage;Poussières inhalables;POUSSIERES
3146;Poussières inhalables;Poussières inhalables;POUSSIERES
0POUMET;Poussières métalliques;Poussières métalliques;POUSSIERES
3258;Utiliser le code 003276;Poussières métalliques;POUSSIERES
0POUSUB;Poussières submicroniques;Poussières submicroniques;POUSSIERES
3352;Poussières submicroniques;Poussières submicroniques;POUSSIERES
3353;Poussières submicroniques - Diamètre;Poussières submicroniques;POUSSIERES
0POUTHO;Poussières thoraciques;Poussières thoraciques;POUSSIERES
3147;Poussières thoraciques;Poussières thoraciques;POUSSIERES
0POUTOT;Poussières totales;Poussières totales;POUSSIERES
3144;Poussières totales;Poussières totales;POUSSIERES
3305;Poussières totales sans effet spécifique;Poussières totales;POUSSIERES
0TRR;TERRES RARES;TERRES RARES;TERRES RARES
0TRRCe;Cerium;Cerium;TERRES RARES
1352;Cérium;Cerium;TERRES RARES
0TRREr;Erbium;Erbium;TERRES RARES
3303;Erbium;Erbium;TERRES RARES
0TRREu;Europium;Europium;TERRES RARES
3301;Europium;Europium;TERRES RARES
0TRRGd;Gadolinium;Gadolinium;TERRES RARES
3302;Gadolinium;Gadolinium;TERRES RARES
0TRRLa;Lanthane;Lanthane;TERRES RARES
1354;Lanthane;Lanthane;TERRES RARES
0TRRNd;Neodyme;Neodyme;TERRES RARES
3178;Néodyme;Neodyme;TERRES RARES
0TRRPr;Praséodyme;Praséodyme;TERRES RARES
1357;Praséodyme;Praséodyme;TERRES RARES
0TRRSm;Samarium;Samarium;TERRES RARES
3179;Samarium;Samarium;TERRES RARES
0TRRTb;Terbium;Terbium;TERRES RARES
3308;Terbium;Terbium;TERRES RARES
0TRRTh;Thorium;Thorium;TERRES RARES
3241;Thorium;Thorium;TERRES RARES
0TRRYb;Ytterbium;Ytterbium;TERRES RARES
3300;Ytterbium;Ytterbium;TERRES RARES
